id,distance,hops,parent
-9223372036854775808,,,
-5,3.0,3,5
0,0.0,0,0
1,1.0,1,0
2,1.0,1,0
3,2.0,2,1
4,2.0,2,1
5,2.0,2,2
6,2.0,2,2
7,3.0,3,3
8,3.0,3,3
9,3.0,3,4
12,3.0,3,5
13,3.0,3,6
14,3.0,3,6
15,4.0,4,7
16,4.0,4,7
17,4.0,4,8
18,4.0,4,8
19,4.0,4,9
20,4.0,4,9
21,4.0,4,9223372036854775807
22,4.0,4,9223372036854775807
23,4.0,4,-5
24,4.0,4,-5
25,4.0,4,12
26,4.0,4,12
27,4.0,4,13
28,4.0,4,13
29,4.0,4,14
30,4.0,4,14
31,5.0,5,15
32,5.0,5,15
33,5.0,5,16
34,5.0,5,16
35,5.0,5,17
36,5.0,5,17
37,5.0,5,18
38,5.0,5,18
39,5.0,5,19
40,5.0,5,19
41,5.0,5,20
42,5.0,5,20
43,5.0,5,21
44,5.0,5,21
45,5.0,5,22
46,5.0,5,22
47,5.0,5,23
48,5.0,5,23
49,5.0,5,24
50,5.0,5,24
51,5.0,5,25
52,5.0,5,25
53,5.0,5,26
54,5.0,5,26
55,5.0,5,27
56,5.0,5,27
57,5.0,5,28
58,5.0,5,28
59,5.0,5,29
60,5.0,5,29
61,5.0,5,30
62,5.0,5,30
63,6.0,6,31
64,6.0,6,31
65,6.0,6,32
66,6.0,6,32
67,6.0,6,33
68,6.0,6,33
69,6.0,6,34
70,6.0,6,34
71,6.0,6,35
72,6.0,6,35
73,6.0,6,36
74,6.0,6,36
75,6.0,6,37
76,6.0,6,37
77,6.0,6,38
78,6.0,6,38
79,6.0,6,39
80,6.0,6,39
81,6.0,6,40
82,6.0,6,40
83,6.0,6,41
84,6.0,6,41
85,6.0,6,42
86,6.0,6,42
87,6.0,6,43
88,6.0,6,43
89,6.0,6,44
90,6.0,6,44
91,6.0,6,45
92,6.0,6,45
93,6.0,6,46
94,6.0,6,46
95,6.0,6,47
96,6.0,6,47
97,6.0,6,48
98,6.0,6,48
99,6.0,6,49
100,6.0,6,49
101,6.0,6,50
102,6.0,6,50
103,6.0,6,51
104,6.0,6,51
105,6.0,6,52
106,6.0,6,52
107,6.0,6,53
108,6.0,6,53
109,6.0,6,54
110,6.0,6,54
111,6.0,6,55
112,6.0,6,55
113,6.0,6,56
114,6.0,6,56
115,6.0,6,57
116,6.0,6,57
117,6.0,6,58
118,6.0,6,58
119,6.0,6,59
120,6.0,6,59
121,6.0,6,60
122,6.0,6,60
123,6.0,6,61
124,6.0,6,61
125,6.0,6,62
126,6.0,6,62
127,7.0,7,63
128,7.0,7,63
129,7.0,7,64
130,7.0,7,64
131,7.0,7,65
132,7.0,7,65
133,7.0,7,66
134,7.0,7,66
135,7.0,7,67
136,7.0,7,67
137,7.0,7,68
138,7.0,7,68
139,7.0,7,69
140,7.0,7,69
141,7.0,7,70
142,7.0,7,70
143,7.0,7,71
144,7.0,7,71
145,7.0,7,72
146,7.0,7,72
147,7.0,7,73
148,7.0,7,73
149,7.0,7,74
150,7.0,7,74
151,7.0,7,75
152,7.0,7,75
153,7.0,7,76
154,7.0,7,76
155,7.0,7,77
156,7.0,7,77
157,7.0,7,78
158,7.0,7,78
159,7.0,7,79
160,7.0,7,79
161,7.0,7,80
162,7.0,7,80
163,7.0,7,81
164,7.0,7,81
165,7.0,7,82
166,7.0,7,82
167,7.0,7,83
168,7.0,7,83
169,7.0,7,84
170,7.0,7,84
171,7.0,7,85
172,7.0,7,85
173,7.0,7,86
174,7.0,7,86
175,7.0,7,87
176,7.0,7,87
177,7.0,7,88
178,7.0,7,88
179,7.0,7,89
180,7.0,7,89
181,7.0,7,90
182,7.0,7,90
183,7.0,7,91
184,7.0,7,91
185,7.0,7,92
186,7.0,7,92
187,7.0,7,93
188,7.0,7,93
189,7.0,7,94
190,7.0,7,94
191,7.0,7,95
192,7.0,7,95
193,7.0,7,96
194,7.0,7,96
195,7.0,7,97
196,7.0,7,97
197,7.0,7,98
198,7.0,7,98
199,7.0,7,99
200,7.0,7,99
201,7.0,7,100
202,7.0,7,100
203,7.0,7,101
204,7.0,7,101
205,7.0,7,102
206,7.0,7,102
207,7.0,7,103
208,7.0,7,103
209,7.0,7,104
210,7.0,7,104
211,7.0,7,105
212,7.0,7,105
213,7.0,7,106
214,7.0,7,106
215,7.0,7,107
216,7.0,7,107
217,7.0,7,108
218,7.0,7,108
219,7.0,7,109
220,7.0,7,109
221,7.0,7,110
222,7.0,7,110
223,7.0,7,111
224,7.0,7,111
225,7.0,7,112
226,7.0,7,112
227,7.0,7,113
228,7.0,7,113
229,7.0,7,114
230,7.0,7,114
231,7.0,7,115
232,7.0,7,115
233,7.0,7,116
234,7.0,7,116
235,7.0,7,117
236,7.0,7,117
237,7.0,7,118
238,7.0,7,118
239,7.0,7,119
240,7.0,7,119
241,7.0,7,120
242,7.0,7,120
243,7.0,7,121
244,7.0,7,121
245,7.0,7,122
246,7.0,7,122
247,7.0,7,123
248,7.0,7,123
249,7.0,7,124
250,7.0,7,124
251,7.0,7,125
252,7.0,7,125
253,7.0,7,126
254,7.0,7,126
255,8.0,8,127
256,8.0,8,127
257,8.0,8,128
258,8.0,8,128
259,8.0,8,129
260,8.0,8,129
261,8.0,8,130
262,8.0,8,130
263,8.0,8,131
264,8.0,8,131
265,8.0,8,132
266,8.0,8,132
267,8.0,8,133
268,8.0,8,133
269,8.0,8,134
270,8.0,8,134
271,8.0,8,135
272,8.0,8,135
273,8.0,8,136
274,8.0,8,136
275,8.0,8,137
276,8.0,8,137
277,8.0,8,138
278,8.0,8,138
279,8.0,8,139
280,8.0,8,139
281,8.0,8,140
282,8.0,8,140
283,8.0,8,141
284,8.0,8,141
285,8.0,8,142
286,8.0,8,142
287,8.0,8,143
288,8.0,8,143
289,8.0,8,144
290,8.0,8,144
291,8.0,8,145
292,8.0,8,145
293,8.0,8,146
294,8.0,8,146
295,8.0,8,147
296,8.0,8,147
297,8.0,8,148
298,8.0,8,148
299,8.0,8,149
300,8.0,8,149
301,8.0,8,150
302,8.0,8,150
303,8.0,8,151
304,8.0,8,151
305,8.0,8,152
306,8.0,8,152
307,8.0,8,153
308,8.0,8,153
309,8.0,8,154
310,8.0,8,154
311,8.0,8,155
312,8.0,8,155
313,8.0,8,156
314,8.0,8,156
315,8.0,8,157
316,8.0,8,157
317,8.0,8,158
318,8.0,8,158
319,8.0,8,159
320,8.0,8,159
321,8.0,8,160
322,8.0,8,160
323,8.0,8,161
324,8.0,8,161
325,8.0,8,162
326,8.0,8,162
327,8.0,8,163
328,8.0,8,163
329,8.0,8,164
330,8.0,8,164
331,8.0,8,165
332,8.0,8,165
333,8.0,8,166
334,8.0,8,166
335,8.0,8,167
336,8.0,8,167
337,8.0,8,168
338,8.0,8,168
339,8.0,8,169
340,8.0,8,169
341,8.0,8,170
342,8.0,8,170
343,8.0,8,171
344,8.0,8,171
345,8.0,8,172
346,8.0,8,172
347,8.0,8,173
348,8.0,8,173
349,8.0,8,174
350,8.0,8,174
351,8.0,8,175
352,8.0,8,175
353,8.0,8,176
354,8.0,8,176
355,8.0,8,177
356,8.0,8,177
357,8.0,8,178
358,8.0,8,178
359,8.0,8,179
360,8.0,8,179
361,8.0,8,180
362,8.0,8,180
363,8.0,8,181
364,8.0,8,181
365,8.0,8,182
366,8.0,8,182
367,8.0,8,183
368,8.0,8,183
369,8.0,8,184
370,8.0,8,184
371,8.0,8,185
372,8.0,8,185
373,8.0,8,186
374,8.0,8,186
375,8.0,8,187
376,8.0,8,187
377,8.0,8,188
378,8.0,8,188
379,8.0,8,189
380,8.0,8,189
381,8.0,8,190
382,8.0,8,190
383,8.0,8,191
384,8.0,8,191
385,8.0,8,192
386,8.0,8,192
387,8.0,8,193
388,8.0,8,193
389,8.0,8,194
390,8.0,8,194
391,8.0,8,195
392,8.0,8,195
393,8.0,8,196
394,8.0,8,196
395,8.0,8,197
396,8.0,8,197
397,8.0,8,198
398,8.0,8,198
399,8.0,8,199
400,8.0,8,199
401,8.0,8,200
402,8.0,8,200
403,8.0,8,201
404,8.0,8,201
405,8.0,8,202
406,8.0,8,202
407,8.0,8,203
408,8.0,8,203
409,8.0,8,204
410,8.0,8,204
411,8.0,8,205
412,8.0,8,205
413,8.0,8,206
414,8.0,8,206
415,8.0,8,207
416,8.0,8,207
417,8.0,8,208
418,8.0,8,208
419,8.0,8,209
420,8.0,8,209
421,8.0,8,210
422,8.0,8,210
423,8.0,8,211
424,8.0,8,211
425,8.0,8,212
426,8.0,8,212
427,8.0,8,213
428,8.0,8,213
429,8.0,8,214
430,8.0,8,214
431,8.0,8,215
432,8.0,8,215
433,8.0,8,216
434,8.0,8,216
435,8.0,8,217
436,8.0,8,217
437,8.0,8,218
438,8.0,8,218
439,8.0,8,219
440,8.0,8,219
441,8.0,8,220
442,8.0,8,220
443,8.0,8,221
444,8.0,8,221
445,8.0,8,222
446,8.0,8,222
447,8.0,8,223
448,8.0,8,223
449,8.0,8,224
450,8.0,8,224
451,8.0,8,225
452,8.0,8,225
453,8.0,8,226
454,8.0,8,226
455,8.0,8,227
456,8.0,8,227
457,8.0,8,228
458,8.0,8,228
459,8.0,8,229
460,8.0,8,229
461,8.0,8,230
462,8.0,8,230
463,8.0,8,231
464,8.0,8,231
465,8.0,8,232
466,8.0,8,232
467,8.0,8,233
468,8.0,8,233
469,8.0,8,234
470,8.0,8,234
471,8.0,8,235
472,8.0,8,235
473,8.0,8,236
474,8.0,8,236
475,8.0,8,237
476,8.0,8,237
477,8.0,8,238
478,8.0,8,238
479,8.0,8,239
480,8.0,8,239
481,8.0,8,240
482,8.0,8,240
483,8.0,8,241
484,8.0,8,241
485,8.0,8,242
486,8.0,8,242
487,8.0,8,243
488,8.0,8,243
489,8.0,8,244
490,8.0,8,244
491,8.0,8,245
492,8.0,8,245
493,8.0,8,246
494,8.0,8,246
495,8.0,8,247
496,8.0,8,247
497,8.0,8,248
498,8.0,8,248
499,8.0,8,249
500,8.0,8,249
501,8.0,8,250
502,8.0,8,250
503,8.0,8,251
504,8.0,8,251
505,8.0,8,252
506,8.0,8,252
507,8.0,8,253
508,8.0,8,253
509,8.0,8,254
510,8.0,8,254
511,9.0,9,255
512,9.0,9,255
513,9.0,9,256
514,9.0,9,256
515,9.0,9,257
516,9.0,9,257
517,9.0,9,258
518,9.0,9,258
519,9.0,9,259
520,9.0,9,259
521,9.0,9,260
522,9.0,9,260
523,9.0,9,261
524,9.0,9,261
525,9.0,9,262
526,9.0,9,262
527,9.0,9,263
528,9.0,9,263
529,9.0,9,264
530,9.0,9,264
531,9.0,9,265
532,9.0,9,265
533,9.0,9,266
534,9.0,9,266
535,9.0,9,267
536,9.0,9,267
537,9.0,9,268
538,9.0,9,268
539,9.0,9,269
540,9.0,9,269
541,9.0,9,270
542,9.0,9,270
543,9.0,9,271
544,9.0,9,271
545,9.0,9,272
546,9.0,9,272
547,9.0,9,273
548,9.0,9,273
549,9.0,9,274
550,9.0,9,274
551,9.0,9,275
552,9.0,9,275
553,9.0,9,276
554,9.0,9,276
555,9.0,9,277
556,9.0,9,277
557,9.0,9,278
558,9.0,9,278
559,9.0,9,279
560,9.0,9,279
561,9.0,9,280
562,9.0,9,280
563,9.0,9,281
564,9.0,9,281
565,9.0,9,282
566,9.0,9,282
567,9.0,9,283
568,9.0,9,283
569,9.0,9,284
570,9.0,9,284
571,9.0,9,285
572,9.0,9,285
573,9.0,9,286
574,9.0,9,286
575,9.0,9,287
576,9.0,9,287
577,9.0,9,288
578,9.0,9,288
579,9.0,9,289
580,9.0,9,289
581,9.0,9,290
582,9.0,9,290
583,9.0,9,291
584,9.0,9,291
585,9.0,9,292
586,9.0,9,292
587,9.0,9,293
588,9.0,9,293
589,9.0,9,294
590,9.0,9,294
591,9.0,9,295
592,9.0,9,295
593,9.0,9,296
594,9.0,9,296
595,9.0,9,297
596,9.0,9,297
597,9.0,9,298
598,9.0,9,298
599,9.0,9,299
600,9.0,9,299
601,9.0,9,300
602,9.0,9,300
603,9.0,9,301
604,9.0,9,301
605,9.0,9,302
606,9.0,9,302
607,9.0,9,303
608,9.0,9,303
609,9.0,9,304
610,9.0,9,304
611,9.0,9,305
612,9.0,9,305
613,9.0,9,306
614,9.0,9,306
615,9.0,9,307
616,9.0,9,307
617,9.0,9,308
618,9.0,9,308
619,9.0,9,309
620,9.0,9,309
621,9.0,9,310
622,9.0,9,310
623,9.0,9,311
624,9.0,9,311
625,9.0,9,312
626,9.0,9,312
627,9.0,9,313
628,9.0,9,313
629,9.0,9,314
630,9.0,9,314
631,9.0,9,315
632,9.0,9,315
633,9.0,9,316
634,9.0,9,316
635,9.0,9,317
636,9.0,9,317
637,9.0,9,318
638,9.0,9,318
639,9.0,9,319
640,9.0,9,319
641,9.0,9,320
642,9.0,9,320
643,9.0,9,321
644,9.0,9,321
645,9.0,9,322
646,9.0,9,322
647,9.0,9,323
648,9.0,9,323
649,9.0,9,324
650,9.0,9,324
651,9.0,9,325
652,9.0,9,325
653,9.0,9,326
654,9.0,9,326
655,9.0,9,327
656,9.0,9,327
657,9.0,9,328
658,9.0,9,328
659,9.0,9,329
660,9.0,9,329
661,9.0,9,330
662,9.0,9,330
663,9.0,9,331
664,9.0,9,331
665,9.0,9,332
666,9.0,9,332
667,9.0,9,333
668,9.0,9,333
669,9.0,9,334
670,9.0,9,334
671,9.0,9,335
672,9.0,9,335
673,9.0,9,336
674,9.0,9,336
675,9.0,9,337
676,9.0,9,337
677,9.0,9,338
678,9.0,9,338
679,9.0,9,339
680,9.0,9,339
681,9.0,9,340
682,9.0,9,340
683,9.0,9,341
684,9.0,9,341
685,9.0,9,342
686,9.0,9,342
687,9.0,9,343
688,9.0,9,343
689,9.0,9,344
690,9.0,9,344
691,9.0,9,345
692,9.0,9,345
693,9.0,9,346
694,9.0,9,346
695,9.0,9,347
696,9.0,9,347
697,9.0,9,348
698,9.0,9,348
699,9.0,9,349
700,9.0,9,349
701,9.0,9,350
702,9.0,9,350
703,9.0,9,351
704,9.0,9,351
705,9.0,9,352
706,9.0,9,352
707,9.0,9,353
708,9.0,9,353
709,9.0,9,354
710,9.0,9,354
711,9.0,9,355
712,9.0,9,355
713,9.0,9,356
714,9.0,9,356
715,9.0,9,357
716,9.0,9,357
717,9.0,9,358
718,9.0,9,358
719,9.0,9,359
720,9.0,9,359
721,9.0,9,360
722,9.0,9,360
723,9.0,9,361
724,9.0,9,361
725,9.0,9,362
726,9.0,9,362
727,9.0,9,363
728,9.0,9,363
729,9.0,9,364
730,9.0,9,364
731,9.0,9,365
732,9.0,9,365
733,9.0,9,366
734,9.0,9,366
735,9.0,9,367
736,9.0,9,367
737,9.0,9,368
738,9.0,9,368
739,9.0,9,369
740,9.0,9,369
741,9.0,9,370
742,9.0,9,370
743,9.0,9,371
744,9.0,9,371
745,9.0,9,372
746,9.0,9,372
747,9.0,9,373
748,9.0,9,373
749,9.0,9,374
750,9.0,9,374
751,9.0,9,375
752,9.0,9,375
753,9.0,9,376
754,9.0,9,376
755,9.0,9,377
756,9.0,9,377
757,9.0,9,378
758,9.0,9,378
759,9.0,9,379
760,9.0,9,379
761,9.0,9,380
762,9.0,9,380
763,9.0,9,381
764,9.0,9,381
765,9.0,9,382
766,9.0,9,382
767,9.0,9,383
768,9.0,9,383
769,9.0,9,384
770,9.0,9,384
771,9.0,9,385
772,9.0,9,385
773,9.0,9,386
774,9.0,9,386
775,9.0,9,387
776,9.0,9,387
777,9.0,9,388
778,9.0,9,388
779,9.0,9,389
780,9.0,9,389
781,9.0,9,390
782,9.0,9,390
783,9.0,9,391
784,9.0,9,391
785,9.0,9,392
786,9.0,9,392
787,9.0,9,393
788,9.0,9,393
789,9.0,9,394
790,9.0,9,394
791,9.0,9,395
792,9.0,9,395
793,9.0,9,396
794,9.0,9,396
795,9.0,9,397
796,9.0,9,397
797,9.0,9,398
798,9.0,9,398
799,9.0,9,399
800,9.0,9,399
801,9.0,9,400
802,9.0,9,400
803,9.0,9,401
804,9.0,9,401
805,9.0,9,402
806,9.0,9,402
807,9.0,9,403
808,9.0,9,403
809,9.0,9,404
810,9.0,9,404
811,9.0,9,405
812,9.0,9,405
813,9.0,9,406
814,9.0,9,406
815,9.0,9,407
816,9.0,9,407
817,9.0,9,408
818,9.0,9,408
819,9.0,9,409
820,9.0,9,409
821,9.0,9,410
822,9.0,9,410
823,9.0,9,411
824,9.0,9,411
825,9.0,9,412
826,9.0,9,412
827,9.0,9,413
828,9.0,9,413
829,9.0,9,414
830,9.0,9,414
831,9.0,9,415
832,9.0,9,415
833,9.0,9,416
834,9.0,9,416
835,9.0,9,417
836,9.0,9,417
837,9.0,9,418
838,9.0,9,418
839,9.0,9,419
840,9.0,9,419
841,9.0,9,420
842,9.0,9,420
843,9.0,9,421
844,9.0,9,421
845,9.0,9,422
846,9.0,9,422
847,9.0,9,423
848,9.0,9,423
849,9.0,9,424
850,9.0,9,424
851,9.0,9,425
852,9.0,9,425
853,9.0,9,426
854,9.0,9,426
855,9.0,9,427
856,9.0,9,427
857,9.0,9,428
858,9.0,9,428
859,9.0,9,429
860,9.0,9,429
861,9.0,9,430
862,9.0,9,430
863,9.0,9,431
864,9.0,9,431
865,9.0,9,432
866,9.0,9,432
867,9.0,9,433
868,9.0,9,433
869,9.0,9,434
870,9.0,9,434
871,9.0,9,435
872,9.0,9,435
873,9.0,9,436
874,9.0,9,436
875,9.0,9,437
876,9.0,9,437
877,9.0,9,438
878,9.0,9,438
879,9.0,9,439
880,9.0,9,439
881,9.0,9,440
882,9.0,9,440
883,9.0,9,441
884,9.0,9,441
885,9.0,9,442
886,9.0,9,442
887,9.0,9,443
888,9.0,9,443
889,9.0,9,444
890,9.0,9,444
891,9.0,9,445
892,9.0,9,445
893,9.0,9,446
894,9.0,9,446
895,9.0,9,447
896,9.0,9,447
897,9.0,9,448
898,9.0,9,448
899,9.0,9,449
900,9.0,9,449
901,9.0,9,450
902,9.0,9,450
903,9.0,9,451
904,9.0,9,451
905,9.0,9,452
906,9.0,9,452
907,9.0,9,453
908,9.0,9,453
909,9.0,9,454
910,9.0,9,454
911,9.0,9,455
912,9.0,9,455
913,9.0,9,456
914,9.0,9,456
915,9.0,9,457
916,9.0,9,457
917,9.0,9,458
918,9.0,9,458
919,9.0,9,459
920,9.0,9,459
921,9.0,9,460
922,9.0,9,460
923,9.0,9,461
924,9.0,9,461
925,9.0,9,462
926,9.0,9,462
927,9.0,9,463
928,9.0,9,463
929,9.0,9,464
930,9.0,9,464
931,9.0,9,465
932,9.0,9,465
933,9.0,9,466
934,9.0,9,466
935,9.0,9,467
936,9.0,9,467
937,9.0,9,468
938,9.0,9,468
939,9.0,9,469
940,9.0,9,469
941,9.0,9,470
942,9.0,9,470
943,9.0,9,471
944,9.0,9,471
945,9.0,9,472
946,9.0,9,472
947,9.0,9,473
948,9.0,9,473
949,9.0,9,474
950,9.0,9,474
951,9.0,9,475
952,9.0,9,475
953,9.0,9,476
954,9.0,9,476
955,9.0,9,477
956,9.0,9,477
957,9.0,9,478
958,9.0,9,478
959,9.0,9,479
960,9.0,9,479
961,9.0,9,480
962,9.0,9,480
963,9.0,9,481
964,9.0,9,481
965,9.0,9,482
966,9.0,9,482
967,9.0,9,483
968,9.0,9,483
969,9.0,9,484
970,9.0,9,484
971,9.0,9,485
972,9.0,9,485
973,9.0,9,486
974,9.0,9,486
975,9.0,9,487
976,9.0,9,487
977,9.0,9,488
978,9.0,9,488
979,9.0,9,489
980,9.0,9,489
981,9.0,9,490
982,9.0,9,490
983,9.0,9,491
984,9.0,9,491
985,9.0,9,492
986,9.0,9,492
987,9.0,9,493
988,9.0,9,493
989,9.0,9,494
990,9.0,9,494
991,9.0,9,495
992,9.0,9,495
993,9.0,9,496
994,9.0,9,496
995,9.0,9,497
996,9.0,9,497
997,9.0,9,498
998,9.0,9,498
999,9.0,9,499
1000,9.0,9,499
1001,9.0,9,500
1002,9.0,9,500
1003,9.0,9,501
1004,9.0,9,501
1005,9.0,9,502
1006,9.0,9,502
1007,9.0,9,503
1008,9.0,9,503
1009,9.0,9,504
1010,9.0,9,504
1011,9.0,9,505
1012,9.0,9,505
1013,9.0,9,506
1014,9.0,9,506
1015,9.0,9,507
1016,9.0,9,507
1017,9.0,9,508
1018,9.0,9,508
1019,9.0,9,509
1020,9.0,9,509
1021,9.0,9,510
1022,9.0,9,510
1023,10.0,10,511
1024,10.0,10,511
1025,10.0,10,512
1026,10.0,10,512
1027,10.0,10,513
1028,10.0,10,513
1029,10.0,10,514
1030,10.0,10,514
1031,10.0,10,515
1032,10.0,10,515
1033,10.0,10,516
1034,10.0,10,516
1035,10.0,10,517
1036,10.0,10,517
1037,10.0,10,518
1038,10.0,10,518
1039,10.0,10,519
1040,10.0,10,519
1041,10.0,10,520
1042,10.0,10,520
1043,10.0,10,521
1044,10.0,10,521
1045,10.0,10,522
1046,10.0,10,522
1047,10.0,10,523
1048,10.0,10,523
1049,10.0,10,524
1050,10.0,10,524
1051,10.0,10,525
1052,10.0,10,525
1053,10.0,10,526
1054,10.0,10,526
1055,10.0,10,527
1056,10.0,10,527
1057,10.0,10,528
1058,10.0,10,528
1059,10.0,10,529
1060,10.0,10,529
1061,10.0,10,530
1062,10.0,10,530
1063,10.0,10,531
1064,10.0,10,531
1065,10.0,10,532
1066,10.0,10,532
1067,10.0,10,533
1068,10.0,10,533
1069,10.0,10,534
1070,10.0,10,534
1071,10.0,10,535
1072,10.0,10,535
1073,10.0,10,536
1074,10.0,10,536
1075,10.0,10,537
1076,10.0,10,537
1077,10.0,10,538
1078,10.0,10,538
1079,10.0,10,539
1080,10.0,10,539
1081,10.0,10,540
1082,10.0,10,540
1083,10.0,10,541
1084,10.0,10,541
1085,10.0,10,542
1086,10.0,10,542
1087,10.0,10,543
1088,10.0,10,543
1089,10.0,10,544
1090,10.0,10,544
1091,10.0,10,545
1092,10.0,10,545
1093,10.0,10,546
1094,10.0,10,546
1095,10.0,10,547
1096,10.0,10,547
1097,10.0,10,548
1098,10.0,10,548
1099,10.0,10,549
1100,10.0,10,549
1101,10.0,10,550
1102,10.0,10,550
1103,10.0,10,551
1104,10.0,10,551
1105,10.0,10,552
1106,10.0,10,552
1107,10.0,10,553
1108,10.0,10,553
1109,10.0,10,554
1110,10.0,10,554
1111,10.0,10,555
1112,10.0,10,555
1113,10.0,10,556
1114,10.0,10,556
1115,10.0,10,557
1116,10.0,10,557
1117,10.0,10,558
1118,10.0,10,558
1119,10.0,10,559
1120,10.0,10,559
1121,10.0,10,560
1122,10.0,10,560
1123,10.0,10,561
1124,10.0,10,561
1125,10.0,10,562
1126,10.0,10,562
1127,10.0,10,563
1128,10.0,10,563
1129,10.0,10,564
1130,10.0,10,564
1131,10.0,10,565
1132,10.0,10,565
1133,10.0,10,566
1134,10.0,10,566
1135,10.0,10,567
1136,10.0,10,567
1137,10.0,10,568
1138,10.0,10,568
1139,10.0,10,569
1140,10.0,10,569
1141,10.0,10,570
1142,10.0,10,570
1143,10.0,10,571
1144,10.0,10,571
1145,10.0,10,572
1146,10.0,10,572
1147,10.0,10,573
1148,10.0,10,573
1149,10.0,10,574
1150,10.0,10,574
1151,10.0,10,575
1152,10.0,10,575
1153,10.0,10,576
1154,10.0,10,576
1155,10.0,10,577
1156,10.0,10,577
1157,10.0,10,578
1158,10.0,10,578
1159,10.0,10,579
1160,10.0,10,579
1161,10.0,10,580
1162,10.0,10,580
1163,10.0,10,581
1164,10.0,10,581
1165,10.0,10,582
1166,10.0,10,582
1167,10.0,10,583
1168,10.0,10,583
1169,10.0,10,584
1170,10.0,10,584
1171,10.0,10,585
1172,10.0,10,585
1173,10.0,10,586
1174,10.0,10,586
1175,10.0,10,587
1176,10.0,10,587
1177,10.0,10,588
1178,10.0,10,588
1179,10.0,10,589
1180,10.0,10,589
1181,10.0,10,590
1182,10.0,10,590
1183,10.0,10,591
1184,10.0,10,591
1185,10.0,10,592
1186,10.0,10,592
1187,10.0,10,593
1188,10.0,10,593
1189,10.0,10,594
1190,10.0,10,594
1191,10.0,10,595
1192,10.0,10,595
1193,10.0,10,596
1194,10.0,10,596
1195,10.0,10,597
1196,10.0,10,597
1197,10.0,10,598
1198,10.0,10,598
1199,10.0,10,599
1200,10.0,10,599
1201,10.0,10,600
1202,10.0,10,600
1203,10.0,10,601
1204,10.0,10,601
1205,10.0,10,602
1206,10.0,10,602
1207,10.0,10,603
1208,10.0,10,603
1209,10.0,10,604
1210,10.0,10,604
1211,10.0,10,605
1212,10.0,10,605
1213,10.0,10,606
1214,10.0,10,606
1215,10.0,10,607
1216,10.0,10,607
1217,10.0,10,608
1218,10.0,10,608
1219,10.0,10,609
1220,10.0,10,609
1221,10.0,10,610
1222,10.0,10,610
1223,10.0,10,611
1224,10.0,10,611
1225,10.0,10,612
1226,10.0,10,612
1227,10.0,10,613
1228,10.0,10,613
1229,10.0,10,614
1230,10.0,10,614
1231,10.0,10,615
1232,10.0,10,615
1233,10.0,10,616
1234,10.0,10,616
1235,10.0,10,617
1236,10.0,10,617
1237,10.0,10,618
1238,10.0,10,618
1239,10.0,10,619
1240,10.0,10,619
1241,10.0,10,620
1242,10.0,10,620
1243,10.0,10,621
1244,10.0,10,621
1245,10.0,10,622
1246,10.0,10,622
1247,10.0,10,623
1248,10.0,10,623
1249,10.0,10,624
1250,10.0,10,624
1251,10.0,10,625
1252,10.0,10,625
1253,10.0,10,626
1254,10.0,10,626
1255,10.0,10,627
1256,10.0,10,627
1257,10.0,10,628
1258,10.0,10,628
1259,10.0,10,629
1260,10.0,10,629
1261,10.0,10,630
1262,10.0,10,630
1263,10.0,10,631
1264,10.0,10,631
1265,10.0,10,632
1266,10.0,10,632
1267,10.0,10,633
1268,10.0,10,633
1269,10.0,10,634
1270,10.0,10,634
1271,10.0,10,635
1272,10.0,10,635
1273,10.0,10,636
1274,10.0,10,636
1275,10.0,10,637
1276,10.0,10,637
1277,10.0,10,638
1278,10.0,10,638
1279,10.0,10,639
1280,10.0,10,639
1281,10.0,10,640
1282,10.0,10,640
1283,10.0,10,641
1284,10.0,10,641
1285,10.0,10,642
1286,10.0,10,642
1287,10.0,10,643
1288,10.0,10,643
1289,10.0,10,644
1290,10.0,10,644
1291,10.0,10,645
1292,10.0,10,645
1293,10.0,10,646
1294,10.0,10,646
1295,10.0,10,647
1296,10.0,10,647
1297,10.0,10,648
1298,10.0,10,648
1299,10.0,10,649
1300,10.0,10,649
1301,10.0,10,650
1302,10.0,10,650
1303,10.0,10,651
1304,10.0,10,651
1305,10.0,10,652
1306,10.0,10,652
1307,10.0,10,653
1308,10.0,10,653
1309,10.0,10,654
1310,10.0,10,654
1311,10.0,10,655
1312,10.0,10,655
1313,10.0,10,656
1314,10.0,10,656
1315,10.0,10,657
1316,10.0,10,657
1317,10.0,10,658
1318,10.0,10,658
1319,10.0,10,659
1320,10.0,10,659
1321,10.0,10,660
1322,10.0,10,660
1323,10.0,10,661
1324,10.0,10,661
1325,10.0,10,662
1326,10.0,10,662
1327,10.0,10,663
1328,10.0,10,663
1329,10.0,10,664
1330,10.0,10,664
1331,10.0,10,665
1332,10.0,10,665
1333,10.0,10,666
1334,10.0,10,666
1335,10.0,10,667
1336,10.0,10,667
1337,10.0,10,668
1338,10.0,10,668
1339,10.0,10,669
1340,10.0,10,669
1341,10.0,10,670
1342,10.0,10,670
1343,10.0,10,671
1344,10.0,10,671
1345,10.0,10,672
1346,10.0,10,672
1347,10.0,10,673
1348,10.0,10,673
1349,10.0,10,674
1350,10.0,10,674
1351,10.0,10,675
1352,10.0,10,675
1353,10.0,10,676
1354,10.0,10,676
1355,10.0,10,677
1356,10.0,10,677
1357,10.0,10,678
1358,10.0,10,678
1359,10.0,10,679
1360,10.0,10,679
1361,10.0,10,680
1362,10.0,10,680
1363,10.0,10,681
1364,10.0,10,681
1365,10.0,10,682
1366,10.0,10,682
1367,10.0,10,683
1368,10.0,10,683
1369,10.0,10,684
1370,10.0,10,684
1371,10.0,10,685
1372,10.0,10,685
1373,10.0,10,686
1374,10.0,10,686
1375,10.0,10,687
1376,10.0,10,687
1377,10.0,10,688
1378,10.0,10,688
1379,10.0,10,689
1380,10.0,10,689
1381,10.0,10,690
1382,10.0,10,690
1383,10.0,10,691
1384,10.0,10,691
1385,10.0,10,692
1386,10.0,10,692
1387,10.0,10,693
1388,10.0,10,693
1389,10.0,10,694
1390,10.0,10,694
1391,10.0,10,695
1392,10.0,10,695
1393,10.0,10,696
1394,10.0,10,696
1395,10.0,10,697
1396,10.0,10,697
1397,10.0,10,698
1398,10.0,10,698
1399,10.0,10,699
1400,10.0,10,699
1401,10.0,10,700
1402,10.0,10,700
1403,10.0,10,701
1404,10.0,10,701
1405,10.0,10,702
1406,10.0,10,702
1407,10.0,10,703
1408,10.0,10,703
1409,10.0,10,704
1410,10.0,10,704
1411,10.0,10,705
1412,10.0,10,705
1413,10.0,10,706
1414,10.0,10,706
1415,10.0,10,707
1416,10.0,10,707
1417,10.0,10,708
1418,10.0,10,708
1419,10.0,10,709
1420,10.0,10,709
1421,10.0,10,710
1422,10.0,10,710
1423,10.0,10,711
1424,10.0,10,711
1425,10.0,10,712
1426,10.0,10,712
1427,10.0,10,713
1428,10.0,10,713
1429,10.0,10,714
1430,10.0,10,714
1431,10.0,10,715
1432,10.0,10,715
1433,10.0,10,716
1434,10.0,10,716
1435,10.0,10,717
1436,10.0,10,717
1437,10.0,10,718
1438,10.0,10,718
1439,10.0,10,719
1440,10.0,10,719
1441,10.0,10,720
1442,10.0,10,720
1443,10.0,10,721
1444,10.0,10,721
1445,10.0,10,722
1446,10.0,10,722
1447,10.0,10,723
1448,10.0,10,723
1449,10.0,10,724
1450,10.0,10,724
1451,10.0,10,725
1452,10.0,10,725
1453,10.0,10,726
1454,10.0,10,726
1455,10.0,10,727
1456,10.0,10,727
1457,10.0,10,728
1458,10.0,10,728
1459,10.0,10,729
1460,10.0,10,729
1461,10.0,10,730
1462,10.0,10,730
1463,10.0,10,731
1464,10.0,10,731
1465,10.0,10,732
1466,10.0,10,732
1467,10.0,10,733
1468,10.0,10,733
1469,10.0,10,734
1470,10.0,10,734
1471,10.0,10,735
1472,10.0,10,735
1473,10.0,10,736
1474,10.0,10,736
1475,10.0,10,737
1476,10.0,10,737
1477,10.0,10,738
1478,10.0,10,738
1479,10.0,10,739
1480,10.0,10,739
1481,10.0,10,740
1482,10.0,10,740
1483,10.0,10,741
1484,10.0,10,741
1485,10.0,10,742
1486,10.0,10,742
1487,10.0,10,743
1488,10.0,10,743
1489,10.0,10,744
1490,10.0,10,744
1491,10.0,10,745
1492,10.0,10,745
1493,10.0,10,746
1494,10.0,10,746
1495,10.0,10,747
1496,10.0,10,747
1497,10.0,10,748
1498,10.0,10,748
1499,10.0,10,749
1500,10.0,10,749
1501,10.0,10,750
1502,10.0,10,750
1503,10.0,10,751
1504,10.0,10,751
1505,10.0,10,752
1506,10.0,10,752
1507,10.0,10,753
1508,10.0,10,753
1509,10.0,10,754
1510,10.0,10,754
1511,10.0,10,755
1512,10.0,10,755
1513,10.0,10,756
1514,10.0,10,756
1515,10.0,10,757
1516,10.0,10,757
1517,10.0,10,758
1518,10.0,10,758
1519,10.0,10,759
1520,10.0,10,759
1521,10.0,10,760
1522,10.0,10,760
1523,10.0,10,761
1524,10.0,10,761
1525,10.0,10,762
1526,10.0,10,762
1527,10.0,10,763
1528,10.0,10,763
1529,10.0,10,764
1530,10.0,10,764
1531,10.0,10,765
1532,10.0,10,765
1533,10.0,10,766
1534,10.0,10,766
1535,10.0,10,767
1536,10.0,10,767
1537,10.0,10,768
1538,10.0,10,768
1539,10.0,10,769
1540,10.0,10,769
1541,10.0,10,770
1542,10.0,10,770
1543,10.0,10,771
1544,10.0,10,771
1545,10.0,10,772
1546,10.0,10,772
1547,10.0,10,773
1548,10.0,10,773
1549,10.0,10,774
1550,10.0,10,774
1551,10.0,10,775
1552,10.0,10,775
1553,10.0,10,776
1554,10.0,10,776
1555,10.0,10,777
1556,10.0,10,777
1557,10.0,10,778
1558,10.0,10,778
1559,10.0,10,779
1560,10.0,10,779
1561,10.0,10,780
1562,10.0,10,780
1563,10.0,10,781
1564,10.0,10,781
1565,10.0,10,782
1566,10.0,10,782
1567,10.0,10,783
1568,10.0,10,783
1569,10.0,10,784
1570,10.0,10,784
1571,10.0,10,785
1572,10.0,10,785
1573,10.0,10,786
1574,10.0,10,786
1575,10.0,10,787
1576,10.0,10,787
1577,10.0,10,788
1578,10.0,10,788
1579,10.0,10,789
1580,10.0,10,789
1581,10.0,10,790
1582,10.0,10,790
1583,10.0,10,791
1584,10.0,10,791
1585,10.0,10,792
1586,10.0,10,792
1587,10.0,10,793
1588,10.0,10,793
1589,10.0,10,794
1590,10.0,10,794
1591,10.0,10,795
1592,10.0,10,795
1593,10.0,10,796
1594,10.0,10,796
1595,10.0,10,797
1596,10.0,10,797
1597,10.0,10,798
1598,10.0,10,798
1599,10.0,10,799
1600,10.0,10,799
1601,10.0,10,800
1602,10.0,10,800
1603,10.0,10,801
1604,10.0,10,801
1605,10.0,10,802
1606,10.0,10,802
1607,10.0,10,803
1608,10.0,10,803
1609,10.0,10,804
1610,10.0,10,804
1611,10.0,10,805
1612,10.0,10,805
1613,10.0,10,806
1614,10.0,10,806
1615,10.0,10,807
1616,10.0,10,807
1617,10.0,10,808
1618,10.0,10,808
1619,10.0,10,809
1620,10.0,10,809
1621,10.0,10,810
1622,10.0,10,810
1623,10.0,10,811
1624,10.0,10,811
1625,10.0,10,812
1626,10.0,10,812
1627,10.0,10,813
1628,10.0,10,813
1629,10.0,10,814
1630,10.0,10,814
1631,10.0,10,815
1632,10.0,10,815
1633,10.0,10,816
1634,10.0,10,816
1635,10.0,10,817
1636,10.0,10,817
1637,10.0,10,818
1638,10.0,10,818
1639,10.0,10,819
1640,10.0,10,819
1641,10.0,10,820
1642,10.0,10,820
1643,10.0,10,821
1644,10.0,10,821
1645,10.0,10,822
1646,10.0,10,822
1647,10.0,10,823
1648,10.0,10,823
1649,10.0,10,824
1650,10.0,10,824
1651,10.0,10,825
1652,10.0,10,825
1653,10.0,10,826
1654,10.0,10,826
1655,10.0,10,827
1656,10.0,10,827
1657,10.0,10,828
1658,10.0,10,828
1659,10.0,10,829
1660,10.0,10,829
1661,10.0,10,830
1662,10.0,10,830
1663,10.0,10,831
1664,10.0,10,831
1665,10.0,10,832
1666,10.0,10,832
1667,10.0,10,833
1668,10.0,10,833
1669,10.0,10,834
1670,10.0,10,834
1671,10.0,10,835
1672,10.0,10,835
1673,10.0,10,836
1674,10.0,10,836
1675,10.0,10,837
1676,10.0,10,837
1677,10.0,10,838
1678,10.0,10,838
1679,10.0,10,839
1680,10.0,10,839
1681,10.0,10,840
1682,10.0,10,840
1683,10.0,10,841
1684,10.0,10,841
1685,10.0,10,842
1686,10.0,10,842
1687,10.0,10,843
1688,10.0,10,843
1689,10.0,10,844
1690,10.0,10,844
1691,10.0,10,845
1692,10.0,10,845
1693,10.0,10,846
1694,10.0,10,846
1695,10.0,10,847
1696,10.0,10,847
1697,10.0,10,848
1698,10.0,10,848
1699,10.0,10,849
1700,10.0,10,849
1701,10.0,10,850
1702,10.0,10,850
1703,10.0,10,851
1704,10.0,10,851
1705,10.0,10,852
1706,10.0,10,852
1707,10.0,10,853
1708,10.0,10,853
1709,10.0,10,854
1710,10.0,10,854
1711,10.0,10,855
1712,10.0,10,855
1713,10.0,10,856
1714,10.0,10,856
1715,10.0,10,857
1716,10.0,10,857
1717,10.0,10,858
1718,10.0,10,858
1719,10.0,10,859
1720,10.0,10,859
1721,10.0,10,860
1722,10.0,10,860
1723,10.0,10,861
1724,10.0,10,861
1725,10.0,10,862
1726,10.0,10,862
1727,10.0,10,863
1728,10.0,10,863
1729,10.0,10,864
1730,10.0,10,864
1731,10.0,10,865
1732,10.0,10,865
1733,10.0,10,866
1734,10.0,10,866
1735,10.0,10,867
1736,10.0,10,867
1737,10.0,10,868
1738,10.0,10,868
1739,10.0,10,869
1740,10.0,10,869
1741,10.0,10,870
1742,10.0,10,870
1743,10.0,10,871
1744,10.0,10,871
1745,10.0,10,872
1746,10.0,10,872
1747,10.0,10,873
1748,10.0,10,873
1749,10.0,10,874
1750,10.0,10,874
1751,10.0,10,875
1752,10.0,10,875
1753,10.0,10,876
1754,10.0,10,876
1755,10.0,10,877
1756,10.0,10,877
1757,10.0,10,878
1758,10.0,10,878
1759,10.0,10,879
1760,10.0,10,879
1761,10.0,10,880
1762,10.0,10,880
1763,10.0,10,881
1764,10.0,10,881
1765,10.0,10,882
1766,10.0,10,882
1767,10.0,10,883
1768,10.0,10,883
1769,10.0,10,884
1770,10.0,10,884
1771,10.0,10,885
1772,10.0,10,885
1773,10.0,10,886
1774,10.0,10,886
1775,10.0,10,887
1776,10.0,10,887
1777,10.0,10,888
1778,10.0,10,888
1779,10.0,10,889
1780,10.0,10,889
1781,10.0,10,890
1782,10.0,10,890
1783,10.0,10,891
1784,10.0,10,891
1785,10.0,10,892
1786,10.0,10,892
1787,10.0,10,893
1788,10.0,10,893
1789,10.0,10,894
1790,10.0,10,894
1791,10.0,10,895
1792,10.0,10,895
1793,10.0,10,896
1794,10.0,10,896
1795,10.0,10,897
1796,10.0,10,897
1797,10.0,10,898
1798,10.0,10,898
1799,10.0,10,899
1800,10.0,10,899
1801,10.0,10,900
1802,10.0,10,900
1803,10.0,10,901
1804,10.0,10,901
1805,10.0,10,902
1806,10.0,10,902
1807,10.0,10,903
1808,10.0,10,903
1809,10.0,10,904
1810,10.0,10,904
1811,10.0,10,905
1812,10.0,10,905
1813,10.0,10,906
1814,10.0,10,906
1815,10.0,10,907
1816,10.0,10,907
1817,10.0,10,908
1818,10.0,10,908
1819,10.0,10,909
1820,10.0,10,909
1821,10.0,10,910
1822,10.0,10,910
1823,10.0,10,911
1824,10.0,10,911
1825,10.0,10,912
1826,10.0,10,912
1827,10.0,10,913
1828,10.0,10,913
1829,10.0,10,914
1830,10.0,10,914
1831,10.0,10,915
1832,10.0,10,915
1833,10.0,10,916
1834,10.0,10,916
1835,10.0,10,917
1836,10.0,10,917
1837,10.0,10,918
1838,10.0,10,918
1839,10.0,10,919
1840,10.0,10,919
1841,10.0,10,920
1842,10.0,10,920
1843,10.0,10,921
1844,10.0,10,921
1845,10.0,10,922
1846,10.0,10,922
1847,10.0,10,923
1848,10.0,10,923
1849,10.0,10,924
1850,10.0,10,924
1851,10.0,10,925
1852,10.0,10,925
1853,10.0,10,926
1854,10.0,10,926
1855,10.0,10,927
1856,10.0,10,927
1857,10.0,10,928
1858,10.0,10,928
1859,10.0,10,929
1860,10.0,10,929
1861,10.0,10,930
1862,10.0,10,930
1863,10.0,10,931
1864,10.0,10,931
1865,10.0,10,932
1866,10.0,10,932
1867,10.0,10,933
1868,10.0,10,933
1869,10.0,10,934
1870,10.0,10,934
1871,10.0,10,935
1872,10.0,10,935
1873,10.0,10,936
1874,10.0,10,936
1875,10.0,10,937
1876,10.0,10,937
1877,10.0,10,938
1878,10.0,10,938
1879,10.0,10,939
1880,10.0,10,939
1881,10.0,10,940
1882,10.0,10,940
1883,10.0,10,941
1884,10.0,10,941
1885,10.0,10,942
1886,10.0,10,942
1887,10.0,10,943
1888,10.0,10,943
1889,10.0,10,944
1890,10.0,10,944
1891,10.0,10,945
1892,10.0,10,945
1893,10.0,10,946
1894,10.0,10,946
1895,10.0,10,947
1896,10.0,10,947
1897,10.0,10,948
1898,10.0,10,948
1899,10.0,10,949
1900,10.0,10,949
1901,10.0,10,950
1902,10.0,10,950
1903,10.0,10,951
1904,10.0,10,951
1905,10.0,10,952
1906,10.0,10,952
1907,10.0,10,953
1908,10.0,10,953
1909,10.0,10,954
1910,10.0,10,954
1911,10.0,10,955
1912,10.0,10,955
1913,10.0,10,956
1914,10.0,10,956
1915,10.0,10,957
1916,10.0,10,957
1917,10.0,10,958
1918,10.0,10,958
1919,10.0,10,959
1920,10.0,10,959
1921,10.0,10,960
1922,10.0,10,960
1923,10.0,10,961
1924,10.0,10,961
1925,10.0,10,962
1926,10.0,10,962
1927,10.0,10,963
1928,10.0,10,963
1929,10.0,10,964
1930,10.0,10,964
1931,10.0,10,965
1932,10.0,10,965
1933,10.0,10,966
1934,10.0,10,966
1935,10.0,10,967
1936,10.0,10,967
1937,10.0,10,968
1938,10.0,10,968
1939,10.0,10,969
1940,10.0,10,969
1941,10.0,10,970
1942,10.0,10,970
1943,10.0,10,971
1944,10.0,10,971
1945,10.0,10,972
1946,10.0,10,972
1947,10.0,10,973
1948,10.0,10,973
1949,10.0,10,974
1950,10.0,10,974
1951,10.0,10,975
1952,10.0,10,975
1953,10.0,10,976
1954,10.0,10,976
1955,10.0,10,977
1956,10.0,10,977
1957,10.0,10,978
1958,10.0,10,978
1959,10.0,10,979
1960,10.0,10,979
1961,10.0,10,980
1962,10.0,10,980
1963,10.0,10,981
1964,10.0,10,981
1965,10.0,10,982
1966,10.0,10,982
1967,10.0,10,983
1968,10.0,10,983
1969,10.0,10,984
1970,10.0,10,984
1971,10.0,10,985
1972,10.0,10,985
1973,10.0,10,986
1974,10.0,10,986
1975,10.0,10,987
1976,10.0,10,987
1977,10.0,10,988
1978,10.0,10,988
1979,10.0,10,989
1980,10.0,10,989
1981,10.0,10,990
1982,10.0,10,990
1983,10.0,10,991
1984,10.0,10,991
1985,10.0,10,992
1986,10.0,10,992
1987,10.0,10,993
1988,10.0,10,993
1989,10.0,10,994
1990,10.0,10,994
1991,10.0,10,995
1992,10.0,10,995
1993,10.0,10,996
1994,10.0,10,996
1995,10.0,10,997
1996,10.0,10,997
1997,10.0,10,998
1998,10.0,10,998
1999,10.0,10,999
2000,10.0,10,999
2001,10.0,10,1000
2002,10.0,10,1000
2003,10.0,10,1001
2004,10.0,10,1001
2005,10.0,10,1002
2006,10.0,10,1002
2007,10.0,10,1003
2008,10.0,10,1003
2009,10.0,10,1004
2010,10.0,10,1004
2011,10.0,10,1005
2012,10.0,10,1005
2013,10.0,10,1006
2014,10.0,10,1006
2015,10.0,10,1007
2016,10.0,10,1007
2017,10.0,10,1008
2018,10.0,10,1008
2019,10.0,10,1009
2020,10.0,10,1009
2021,10.0,10,1010
2022,10.0,10,1010
2023,10.0,10,1011
2024,10.0,10,1011
2025,10.0,10,1012
2026,10.0,10,1012
2027,10.0,10,1013
2028,10.0,10,1013
2029,10.0,10,1014
2030,10.0,10,1014
2031,10.0,10,1015
2032,10.0,10,1015
2033,10.0,10,1016
2034,10.0,10,1016
2035,10.0,10,1017
2036,10.0,10,1017
2037,10.0,10,1018
2038,10.0,10,1018
2039,10.0,10,1019
2040,10.0,10,1019
2041,10.0,10,1020
2042,10.0,10,1020
2043,10.0,10,1021
2044,10.0,10,1021
2045,10.0,10,1022
2046,10.0,10,1022
2047,11.0,11,1023
2048,11.0,11,1023
2049,11.0,11,1024
2050,11.0,11,1024
2051,11.0,11,1025
2052,11.0,11,1025
2053,11.0,11,1026
2054,11.0,11,1026
2055,11.0,11,1027
2056,11.0,11,1027
2057,11.0,11,1028
2058,11.0,11,1028
2059,11.0,11,1029
2060,11.0,11,1029
2061,11.0,11,1030
2062,11.0,11,1030
2063,11.0,11,1031
2064,11.0,11,1031
2065,11.0,11,1032
2066,11.0,11,1032
2067,11.0,11,1033
2068,11.0,11,1033
2069,11.0,11,1034
2070,11.0,11,1034
2071,11.0,11,1035
2072,11.0,11,1035
2073,11.0,11,1036
2074,11.0,11,1036
2075,11.0,11,1037
2076,11.0,11,1037
2077,11.0,11,1038
2078,11.0,11,1038
2079,11.0,11,1039
2080,11.0,11,1039
2081,11.0,11,1040
2082,11.0,11,1040
2083,11.0,11,1041
2084,11.0,11,1041
2085,11.0,11,1042
2086,11.0,11,1042
2087,11.0,11,1043
2088,11.0,11,1043
2089,11.0,11,1044
2090,11.0,11,1044
2091,11.0,11,1045
2092,11.0,11,1045
2093,11.0,11,1046
2094,11.0,11,1046
2095,11.0,11,1047
2096,11.0,11,1047
2097,11.0,11,1048
2098,11.0,11,1048
2099,11.0,11,1049
2100,11.0,11,1049
2101,11.0,11,1050
2102,11.0,11,1050
2103,11.0,11,1051
2104,11.0,11,1051
2105,11.0,11,1052
2106,11.0,11,1052
2107,11.0,11,1053
2108,11.0,11,1053
2109,11.0,11,1054
2110,11.0,11,1054
2111,11.0,11,1055
2112,11.0,11,1055
2113,11.0,11,1056
2114,11.0,11,1056
2115,11.0,11,1057
2116,11.0,11,1057
2117,11.0,11,1058
2118,11.0,11,1058
2119,11.0,11,1059
2120,11.0,11,1059
2121,11.0,11,1060
2122,11.0,11,1060
2123,11.0,11,1061
2124,11.0,11,1061
2125,11.0,11,1062
2126,11.0,11,1062
2127,11.0,11,1063
2128,11.0,11,1063
2129,11.0,11,1064
2130,11.0,11,1064
2131,11.0,11,1065
2132,11.0,11,1065
2133,11.0,11,1066
2134,11.0,11,1066
2135,11.0,11,1067
2136,11.0,11,1067
2137,11.0,11,1068
2138,11.0,11,1068
2139,11.0,11,1069
2140,11.0,11,1069
2141,11.0,11,1070
2142,11.0,11,1070
2143,11.0,11,1071
2144,11.0,11,1071
2145,11.0,11,1072
2146,11.0,11,1072
2147,11.0,11,1073
2148,11.0,11,1073
2149,11.0,11,1074
2150,11.0,11,1074
2151,11.0,11,1075
2152,11.0,11,1075
2153,11.0,11,1076
2154,11.0,11,1076
2155,11.0,11,1077
2156,11.0,11,1077
2157,11.0,11,1078
2158,11.0,11,1078
2159,11.0,11,1079
2160,11.0,11,1079
2161,11.0,11,1080
2162,11.0,11,1080
2163,11.0,11,1081
2164,11.0,11,1081
2165,11.0,11,1082
2166,11.0,11,1082
2167,11.0,11,1083
2168,11.0,11,1083
2169,11.0,11,1084
2170,11.0,11,1084
2171,11.0,11,1085
2172,11.0,11,1085
2173,11.0,11,1086
2174,11.0,11,1086
2175,11.0,11,1087
2176,11.0,11,1087
2177,11.0,11,1088
2178,11.0,11,1088
2179,11.0,11,1089
2180,11.0,11,1089
2181,11.0,11,1090
2182,11.0,11,1090
2183,11.0,11,1091
2184,11.0,11,1091
2185,11.0,11,1092
2186,11.0,11,1092
2187,11.0,11,1093
2188,11.0,11,1093
2189,11.0,11,1094
2190,11.0,11,1094
2191,11.0,11,1095
2192,11.0,11,1095
2193,11.0,11,1096
2194,11.0,11,1096
2195,11.0,11,1097
2196,11.0,11,1097
2197,11.0,11,1098
2198,11.0,11,1098
2199,11.0,11,1099
2200,11.0,11,1099
2201,11.0,11,1100
2202,11.0,11,1100
2203,11.0,11,1101
2204,11.0,11,1101
2205,11.0,11,1102
2206,11.0,11,1102
2207,11.0,11,1103
2208,11.0,11,1103
2209,11.0,11,1104
2210,11.0,11,1104
2211,11.0,11,1105
2212,11.0,11,1105
2213,11.0,11,1106
2214,11.0,11,1106
2215,11.0,11,1107
2216,11.0,11,1107
2217,11.0,11,1108
2218,11.0,11,1108
2219,11.0,11,1109
2220,11.0,11,1109
2221,11.0,11,1110
2222,11.0,11,1110
2223,11.0,11,1111
2224,11.0,11,1111
2225,11.0,11,1112
2226,11.0,11,1112
2227,11.0,11,1113
2228,11.0,11,1113
2229,11.0,11,1114
2230,11.0,11,1114
2231,11.0,11,1115
2232,11.0,11,1115
2233,11.0,11,1116
2234,11.0,11,1116
2235,11.0,11,1117
2236,11.0,11,1117
2237,11.0,11,1118
2238,11.0,11,1118
2239,11.0,11,1119
2240,11.0,11,1119
2241,11.0,11,1120
2242,11.0,11,1120
2243,11.0,11,1121
2244,11.0,11,1121
2245,11.0,11,1122
2246,11.0,11,1122
2247,11.0,11,1123
2248,11.0,11,1123
2249,11.0,11,1124
2250,11.0,11,1124
2251,11.0,11,1125
2252,11.0,11,1125
2253,11.0,11,1126
2254,11.0,11,1126
2255,11.0,11,1127
2256,11.0,11,1127
2257,11.0,11,1128
2258,11.0,11,1128
2259,11.0,11,1129
2260,11.0,11,1129
2261,11.0,11,1130
2262,11.0,11,1130
2263,11.0,11,1131
2264,11.0,11,1131
2265,11.0,11,1132
2266,11.0,11,1132
2267,11.0,11,1133
2268,11.0,11,1133
2269,11.0,11,1134
2270,11.0,11,1134
2271,11.0,11,1135
2272,11.0,11,1135
2273,11.0,11,1136
2274,11.0,11,1136
2275,11.0,11,1137
2276,11.0,11,1137
2277,11.0,11,1138
2278,11.0,11,1138
2279,11.0,11,1139
2280,11.0,11,1139
2281,11.0,11,1140
2282,11.0,11,1140
2283,11.0,11,1141
2284,11.0,11,1141
2285,11.0,11,1142
2286,11.0,11,1142
2287,11.0,11,1143
2288,11.0,11,1143
2289,11.0,11,1144
2290,11.0,11,1144
2291,11.0,11,1145
2292,11.0,11,1145
2293,11.0,11,1146
2294,11.0,11,1146
2295,11.0,11,1147
2296,11.0,11,1147
2297,11.0,11,1148
2298,11.0,11,1148
2299,11.0,11,1149
2300,11.0,11,1149
2301,11.0,11,1150
2302,11.0,11,1150
2303,11.0,11,1151
2304,11.0,11,1151
2305,11.0,11,1152
2306,11.0,11,1152
2307,11.0,11,1153
2308,11.0,11,1153
2309,11.0,11,1154
2310,11.0,11,1154
2311,11.0,11,1155
2312,11.0,11,1155
2313,11.0,11,1156
2314,11.0,11,1156
2315,11.0,11,1157
2316,11.0,11,1157
2317,11.0,11,1158
2318,11.0,11,1158
2319,11.0,11,1159
2320,11.0,11,1159
2321,11.0,11,1160
2322,11.0,11,1160
2323,11.0,11,1161
2324,11.0,11,1161
2325,11.0,11,1162
2326,11.0,11,1162
2327,11.0,11,1163
2328,11.0,11,1163
2329,11.0,11,1164
2330,11.0,11,1164
2331,11.0,11,1165
2332,11.0,11,1165
2333,11.0,11,1166
2334,11.0,11,1166
2335,11.0,11,1167
2336,11.0,11,1167
2337,11.0,11,1168
2338,11.0,11,1168
2339,11.0,11,1169
2340,11.0,11,1169
2341,11.0,11,1170
2342,11.0,11,1170
2343,11.0,11,1171
2344,11.0,11,1171
2345,11.0,11,1172
2346,11.0,11,1172
2347,11.0,11,1173
2348,11.0,11,1173
2349,11.0,11,1174
2350,11.0,11,1174
2351,11.0,11,1175
2352,11.0,11,1175
2353,11.0,11,1176
2354,11.0,11,1176
2355,11.0,11,1177
2356,11.0,11,1177
2357,11.0,11,1178
2358,11.0,11,1178
2359,11.0,11,1179
2360,11.0,11,1179
2361,11.0,11,1180
2362,11.0,11,1180
2363,11.0,11,1181
2364,11.0,11,1181
2365,11.0,11,1182
2366,11.0,11,1182
2367,11.0,11,1183
2368,11.0,11,1183
2369,11.0,11,1184
2370,11.0,11,1184
2371,11.0,11,1185
2372,11.0,11,1185
2373,11.0,11,1186
2374,11.0,11,1186
2375,11.0,11,1187
2376,11.0,11,1187
2377,11.0,11,1188
2378,11.0,11,1188
2379,11.0,11,1189
2380,11.0,11,1189
2381,11.0,11,1190
2382,11.0,11,1190
2383,11.0,11,1191
2384,11.0,11,1191
2385,11.0,11,1192
2386,11.0,11,1192
2387,11.0,11,1193
2388,11.0,11,1193
2389,11.0,11,1194
2390,11.0,11,1194
2391,11.0,11,1195
2392,11.0,11,1195
2393,11.0,11,1196
2394,11.0,11,1196
2395,11.0,11,1197
2396,11.0,11,1197
2397,11.0,11,1198
2398,11.0,11,1198
2399,11.0,11,1199
2400,11.0,11,1199
2401,11.0,11,1200
2402,11.0,11,1200
2403,11.0,11,1201
2404,11.0,11,1201
2405,11.0,11,1202
2406,11.0,11,1202
2407,11.0,11,1203
2408,11.0,11,1203
2409,11.0,11,1204
2410,11.0,11,1204
2411,11.0,11,1205
2412,11.0,11,1205
2413,11.0,11,1206
2414,11.0,11,1206
2415,11.0,11,1207
2416,11.0,11,1207
2417,11.0,11,1208
2418,11.0,11,1208
2419,11.0,11,1209
2420,11.0,11,1209
2421,11.0,11,1210
2422,11.0,11,1210
2423,11.0,11,1211
2424,11.0,11,1211
2425,11.0,11,1212
2426,11.0,11,1212
2427,11.0,11,1213
2428,11.0,11,1213
2429,11.0,11,1214
2430,11.0,11,1214
2431,11.0,11,1215
2432,11.0,11,1215
2433,11.0,11,1216
2434,11.0,11,1216
2435,11.0,11,1217
2436,11.0,11,1217
2437,11.0,11,1218
2438,11.0,11,1218
2439,11.0,11,1219
2440,11.0,11,1219
2441,11.0,11,1220
2442,11.0,11,1220
2443,11.0,11,1221
2444,11.0,11,1221
2445,11.0,11,1222
2446,11.0,11,1222
2447,11.0,11,1223
2448,11.0,11,1223
2449,11.0,11,1224
2450,11.0,11,1224
2451,11.0,11,1225
2452,11.0,11,1225
2453,11.0,11,1226
2454,11.0,11,1226
2455,11.0,11,1227
2456,11.0,11,1227
2457,11.0,11,1228
2458,11.0,11,1228
2459,11.0,11,1229
2460,11.0,11,1229
2461,11.0,11,1230
2462,11.0,11,1230
2463,11.0,11,1231
2464,11.0,11,1231
2465,11.0,11,1232
2466,11.0,11,1232
2467,11.0,11,1233
2468,11.0,11,1233
2469,11.0,11,1234
2470,11.0,11,1234
2471,11.0,11,1235
2472,11.0,11,1235
2473,11.0,11,1236
2474,11.0,11,1236
2475,11.0,11,1237
2476,11.0,11,1237
2477,11.0,11,1238
2478,11.0,11,1238
2479,11.0,11,1239
2480,11.0,11,1239
2481,11.0,11,1240
2482,11.0,11,1240
2483,11.0,11,1241
2484,11.0,11,1241
2485,11.0,11,1242
2486,11.0,11,1242
2487,11.0,11,1243
2488,11.0,11,1243
2489,11.0,11,1244
2490,11.0,11,1244
2491,11.0,11,1245
2492,11.0,11,1245
2493,11.0,11,1246
2494,11.0,11,1246
2495,11.0,11,1247
2496,11.0,11,1247
2497,11.0,11,1248
2498,11.0,11,1248
2499,11.0,11,1249
2500,11.0,11,1249
2501,11.0,11,1250
2502,11.0,11,1250
2503,11.0,11,1251
2504,11.0,11,1251
2505,11.0,11,1252
2506,11.0,11,1252
2507,11.0,11,1253
2508,11.0,11,1253
2509,11.0,11,1254
2510,11.0,11,1254
2511,11.0,11,1255
2512,11.0,11,1255
2513,11.0,11,1256
2514,11.0,11,1256
2515,11.0,11,1257
2516,11.0,11,1257
2517,11.0,11,1258
2518,11.0,11,1258
2519,11.0,11,1259
2520,11.0,11,1259
2521,11.0,11,1260
2522,11.0,11,1260
2523,11.0,11,1261
2524,11.0,11,1261
2525,11.0,11,1262
2526,11.0,11,1262
2527,11.0,11,1263
2528,11.0,11,1263
2529,11.0,11,1264
2530,11.0,11,1264
2531,11.0,11,1265
2532,11.0,11,1265
2533,11.0,11,1266
2534,11.0,11,1266
2535,11.0,11,1267
2536,11.0,11,1267
2537,11.0,11,1268
2538,11.0,11,1268
2539,11.0,11,1269
2540,11.0,11,1269
2541,11.0,11,1270
2542,11.0,11,1270
2543,11.0,11,1271
2544,11.0,11,1271
2545,11.0,11,1272
2546,11.0,11,1272
2547,11.0,11,1273
2548,11.0,11,1273
2549,11.0,11,1274
2550,11.0,11,1274
2551,11.0,11,1275
2552,11.0,11,1275
2553,11.0,11,1276
2554,11.0,11,1276
2555,11.0,11,1277
2556,11.0,11,1277
2557,11.0,11,1278
2558,11.0,11,1278
2559,11.0,11,1279
2560,11.0,11,1279
2561,11.0,11,1280
2562,11.0,11,1280
2563,11.0,11,1281
2564,11.0,11,1281
2565,11.0,11,1282
2566,11.0,11,1282
2567,11.0,11,1283
2568,11.0,11,1283
2569,11.0,11,1284
2570,11.0,11,1284
2571,11.0,11,1285
2572,11.0,11,1285
2573,11.0,11,1286
2574,11.0,11,1286
2575,11.0,11,1287
2576,11.0,11,1287
2577,11.0,11,1288
2578,11.0,11,1288
2579,11.0,11,1289
2580,11.0,11,1289
2581,11.0,11,1290
2582,11.0,11,1290
2583,11.0,11,1291
2584,11.0,11,1291
2585,11.0,11,1292
2586,11.0,11,1292
2587,11.0,11,1293
2588,11.0,11,1293
2589,11.0,11,1294
2590,11.0,11,1294
2591,11.0,11,1295
2592,11.0,11,1295
2593,11.0,11,1296
2594,11.0,11,1296
2595,11.0,11,1297
2596,11.0,11,1297
2597,11.0,11,1298
2598,11.0,11,1298
2599,11.0,11,1299
2600,11.0,11,1299
2601,11.0,11,1300
2602,11.0,11,1300
2603,11.0,11,1301
2604,11.0,11,1301
2605,11.0,11,1302
2606,11.0,11,1302
2607,11.0,11,1303
2608,11.0,11,1303
2609,11.0,11,1304
2610,11.0,11,1304
2611,11.0,11,1305
2612,11.0,11,1305
2613,11.0,11,1306
2614,11.0,11,1306
2615,11.0,11,1307
2616,11.0,11,1307
2617,11.0,11,1308
2618,11.0,11,1308
2619,11.0,11,1309
2620,11.0,11,1309
2621,11.0,11,1310
2622,11.0,11,1310
2623,11.0,11,1311
2624,11.0,11,1311
2625,11.0,11,1312
2626,11.0,11,1312
2627,11.0,11,1313
2628,11.0,11,1313
2629,11.0,11,1314
2630,11.0,11,1314
2631,11.0,11,1315
2632,11.0,11,1315
2633,11.0,11,1316
2634,11.0,11,1316
2635,11.0,11,1317
2636,11.0,11,1317
2637,11.0,11,1318
2638,11.0,11,1318
2639,11.0,11,1319
2640,11.0,11,1319
2641,11.0,11,1320
2642,11.0,11,1320
2643,11.0,11,1321
2644,11.0,11,1321
2645,11.0,11,1322
2646,11.0,11,1322
2647,11.0,11,1323
2648,11.0,11,1323
2649,11.0,11,1324
2650,11.0,11,1324
2651,11.0,11,1325
2652,11.0,11,1325
2653,11.0,11,1326
2654,11.0,11,1326
2655,11.0,11,1327
2656,11.0,11,1327
2657,11.0,11,1328
2658,11.0,11,1328
2659,11.0,11,1329
2660,11.0,11,1329
2661,11.0,11,1330
2662,11.0,11,1330
2663,11.0,11,1331
2664,11.0,11,1331
2665,11.0,11,1332
2666,11.0,11,1332
2667,11.0,11,1333
2668,11.0,11,1333
2669,11.0,11,1334
2670,11.0,11,1334
2671,11.0,11,1335
2672,11.0,11,1335
2673,11.0,11,1336
2674,11.0,11,1336
2675,11.0,11,1337
2676,11.0,11,1337
2677,11.0,11,1338
2678,11.0,11,1338
2679,11.0,11,1339
2680,11.0,11,1339
2681,11.0,11,1340
2682,11.0,11,1340
2683,11.0,11,1341
2684,11.0,11,1341
2685,11.0,11,1342
2686,11.0,11,1342
2687,11.0,11,1343
2688,11.0,11,1343
2689,11.0,11,1344
2690,11.0,11,1344
2691,11.0,11,1345
2692,11.0,11,1345
2693,11.0,11,1346
2694,11.0,11,1346
2695,11.0,11,1347
2696,11.0,11,1347
2697,11.0,11,1348
2698,11.0,11,1348
2699,11.0,11,1349
2700,11.0,11,1349
2701,11.0,11,1350
2702,11.0,11,1350
2703,11.0,11,1351
2704,11.0,11,1351
2705,11.0,11,1352
2706,11.0,11,1352
2707,11.0,11,1353
2708,11.0,11,1353
2709,11.0,11,1354
2710,11.0,11,1354
2711,11.0,11,1355
2712,11.0,11,1355
2713,11.0,11,1356
2714,11.0,11,1356
2715,11.0,11,1357
2716,11.0,11,1357
2717,11.0,11,1358
2718,11.0,11,1358
2719,11.0,11,1359
2720,11.0,11,1359
2721,11.0,11,1360
2722,11.0,11,1360
2723,11.0,11,1361
2724,11.0,11,1361
2725,11.0,11,1362
2726,11.0,11,1362
2727,11.0,11,1363
2728,11.0,11,1363
2729,11.0,11,1364
2730,11.0,11,1364
2731,11.0,11,1365
2732,11.0,11,1365
2733,11.0,11,1366
2734,11.0,11,1366
2735,11.0,11,1367
2736,11.0,11,1367
2737,11.0,11,1368
2738,11.0,11,1368
2739,11.0,11,1369
2740,11.0,11,1369
2741,11.0,11,1370
2742,11.0,11,1370
2743,11.0,11,1371
2744,11.0,11,1371
2745,11.0,11,1372
2746,11.0,11,1372
2747,11.0,11,1373
2748,11.0,11,1373
2749,11.0,11,1374
2750,11.0,11,1374
2751,11.0,11,1375
2752,11.0,11,1375
2753,11.0,11,1376
2754,11.0,11,1376
2755,11.0,11,1377
2756,11.0,11,1377
2757,11.0,11,1378
2758,11.0,11,1378
2759,11.0,11,1379
2760,11.0,11,1379
2761,11.0,11,1380
2762,11.0,11,1380
2763,11.0,11,1381
2764,11.0,11,1381
2765,11.0,11,1382
2766,11.0,11,1382
2767,11.0,11,1383
2768,11.0,11,1383
2769,11.0,11,1384
2770,11.0,11,1384
2771,11.0,11,1385
2772,11.0,11,1385
2773,11.0,11,1386
2774,11.0,11,1386
2775,11.0,11,1387
2776,11.0,11,1387
2777,11.0,11,1388
2778,11.0,11,1388
2779,11.0,11,1389
2780,11.0,11,1389
2781,11.0,11,1390
2782,11.0,11,1390
2783,11.0,11,1391
2784,11.0,11,1391
2785,11.0,11,1392
2786,11.0,11,1392
2787,11.0,11,1393
2788,11.0,11,1393
2789,11.0,11,1394
2790,11.0,11,1394
2791,11.0,11,1395
2792,11.0,11,1395
2793,11.0,11,1396
2794,11.0,11,1396
2795,11.0,11,1397
2796,11.0,11,1397
2797,11.0,11,1398
2798,11.0,11,1398
2799,11.0,11,1399
2800,11.0,11,1399
2801,11.0,11,1400
2802,11.0,11,1400
2803,11.0,11,1401
2804,11.0,11,1401
2805,11.0,11,1402
2806,11.0,11,1402
2807,11.0,11,1403
2808,11.0,11,1403
2809,11.0,11,1404
2810,11.0,11,1404
2811,11.0,11,1405
2812,11.0,11,1405
2813,11.0,11,1406
2814,11.0,11,1406
2815,11.0,11,1407
2816,11.0,11,1407
2817,11.0,11,1408
2818,11.0,11,1408
2819,11.0,11,1409
2820,11.0,11,1409
2821,11.0,11,1410
2822,11.0,11,1410
2823,11.0,11,1411
2824,11.0,11,1411
2825,11.0,11,1412
2826,11.0,11,1412
2827,11.0,11,1413
2828,11.0,11,1413
2829,11.0,11,1414
2830,11.0,11,1414
2831,11.0,11,1415
2832,11.0,11,1415
2833,11.0,11,1416
2834,11.0,11,1416
2835,11.0,11,1417
2836,11.0,11,1417
2837,11.0,11,1418
2838,11.0,11,1418
2839,11.0,11,1419
2840,11.0,11,1419
2841,11.0,11,1420
2842,11.0,11,1420
2843,11.0,11,1421
2844,11.0,11,1421
2845,11.0,11,1422
2846,11.0,11,1422
2847,11.0,11,1423
2848,11.0,11,1423
2849,11.0,11,1424
2850,11.0,11,1424
2851,11.0,11,1425
2852,11.0,11,1425
2853,11.0,11,1426
2854,11.0,11,1426
2855,11.0,11,1427
2856,11.0,11,1427
2857,11.0,11,1428
2858,11.0,11,1428
2859,11.0,11,1429
2860,11.0,11,1429
2861,11.0,11,1430
2862,11.0,11,1430
2863,11.0,11,1431
2864,11.0,11,1431
2865,11.0,11,1432
2866,11.0,11,1432
2867,11.0,11,1433
2868,11.0,11,1433
2869,11.0,11,1434
2870,11.0,11,1434
2871,11.0,11,1435
2872,11.0,11,1435
2873,11.0,11,1436
2874,11.0,11,1436
2875,11.0,11,1437
2876,11.0,11,1437
2877,11.0,11,1438
2878,11.0,11,1438
2879,11.0,11,1439
2880,11.0,11,1439
2881,11.0,11,1440
2882,11.0,11,1440
2883,11.0,11,1441
2884,11.0,11,1441
2885,11.0,11,1442
2886,11.0,11,1442
2887,11.0,11,1443
2888,11.0,11,1443
2889,11.0,11,1444
2890,11.0,11,1444
2891,11.0,11,1445
2892,11.0,11,1445
2893,11.0,11,1446
2894,11.0,11,1446
2895,11.0,11,1447
2896,11.0,11,1447
2897,11.0,11,1448
2898,11.0,11,1448
2899,11.0,11,1449
2900,11.0,11,1449
2901,11.0,11,1450
2902,11.0,11,1450
2903,11.0,11,1451
2904,11.0,11,1451
2905,11.0,11,1452
2906,11.0,11,1452
2907,11.0,11,1453
2908,11.0,11,1453
2909,11.0,11,1454
2910,11.0,11,1454
2911,11.0,11,1455
2912,11.0,11,1455
2913,11.0,11,1456
2914,11.0,11,1456
2915,11.0,11,1457
2916,11.0,11,1457
2917,11.0,11,1458
2918,11.0,11,1458
2919,11.0,11,1459
2920,11.0,11,1459
2921,11.0,11,1460
2922,11.0,11,1460
2923,11.0,11,1461
2924,11.0,11,1461
2925,11.0,11,1462
2926,11.0,11,1462
2927,11.0,11,1463
2928,11.0,11,1463
2929,11.0,11,1464
2930,11.0,11,1464
2931,11.0,11,1465
2932,11.0,11,1465
2933,11.0,11,1466
2934,11.0,11,1466
2935,11.0,11,1467
2936,11.0,11,1467
2937,11.0,11,1468
2938,11.0,11,1468
2939,11.0,11,1469
2940,11.0,11,1469
2941,11.0,11,1470
2942,11.0,11,1470
2943,11.0,11,1471
2944,11.0,11,1471
2945,11.0,11,1472
2946,11.0,11,1472
2947,11.0,11,1473
2948,11.0,11,1473
2949,11.0,11,1474
2950,11.0,11,1474
2951,11.0,11,1475
2952,11.0,11,1475
2953,11.0,11,1476
2954,11.0,11,1476
2955,11.0,11,1477
2956,11.0,11,1477
2957,11.0,11,1478
2958,11.0,11,1478
2959,11.0,11,1479
2960,11.0,11,1479
2961,11.0,11,1480
2962,11.0,11,1480
2963,11.0,11,1481
2964,11.0,11,1481
2965,11.0,11,1482
2966,11.0,11,1482
2967,11.0,11,1483
2968,11.0,11,1483
2969,11.0,11,1484
2970,11.0,11,1484
2971,11.0,11,1485
2972,11.0,11,1485
2973,11.0,11,1486
2974,11.0,11,1486
2975,11.0,11,1487
2976,11.0,11,1487
2977,11.0,11,1488
2978,11.0,11,1488
2979,11.0,11,1489
2980,11.0,11,1489
2981,11.0,11,1490
2982,11.0,11,1490
2983,11.0,11,1491
2984,11.0,11,1491
2985,11.0,11,1492
2986,11.0,11,1492
2987,11.0,11,1493
2988,11.0,11,1493
2989,11.0,11,1494
2990,11.0,11,1494
2991,11.0,11,1495
2992,11.0,11,1495
2993,11.0,11,1496
2994,11.0,11,1496
2995,11.0,11,1497
2996,11.0,11,1497
2997,11.0,11,1498
2998,11.0,11,1498
2999,11.0,11,1499
3000,11.0,11,1499
3001,11.0,11,1500
3002,11.0,11,1500
3003,11.0,11,1501
3004,11.0,11,1501
3005,11.0,11,1502
3006,11.0,11,1502
3007,11.0,11,1503
3008,11.0,11,1503
3009,11.0,11,1504
3010,11.0,11,1504
3011,11.0,11,1505
3012,11.0,11,1505
3013,11.0,11,1506
3014,11.0,11,1506
3015,11.0,11,1507
3016,11.0,11,1507
3017,11.0,11,1508
3018,11.0,11,1508
3019,11.0,11,1509
3020,11.0,11,1509
3021,11.0,11,1510
3022,11.0,11,1510
3023,11.0,11,1511
3024,11.0,11,1511
3025,11.0,11,1512
3026,11.0,11,1512
3027,11.0,11,1513
3028,11.0,11,1513
3029,11.0,11,1514
3030,11.0,11,1514
3031,11.0,11,1515
3032,11.0,11,1515
3033,11.0,11,1516
3034,11.0,11,1516
3035,11.0,11,1517
3036,11.0,11,1517
3037,11.0,11,1518
3038,11.0,11,1518
3039,11.0,11,1519
3040,11.0,11,1519
3041,11.0,11,1520
3042,11.0,11,1520
3043,11.0,11,1521
3044,11.0,11,1521
3045,11.0,11,1522
3046,11.0,11,1522
3047,11.0,11,1523
3048,11.0,11,1523
3049,11.0,11,1524
3050,11.0,11,1524
3051,11.0,11,1525
3052,11.0,11,1525
3053,11.0,11,1526
3054,11.0,11,1526
3055,11.0,11,1527
3056,11.0,11,1527
3057,11.0,11,1528
3058,11.0,11,1528
3059,11.0,11,1529
3060,11.0,11,1529
3061,11.0,11,1530
3062,11.0,11,1530
3063,11.0,11,1531
3064,11.0,11,1531
3065,11.0,11,1532
3066,11.0,11,1532
3067,11.0,11,1533
3068,11.0,11,1533
3069,11.0,11,1534
3070,11.0,11,1534
3071,11.0,11,1535
3072,11.0,11,1535
3073,11.0,11,1536
3074,11.0,11,1536
3075,11.0,11,1537
3076,11.0,11,1537
3077,11.0,11,1538
3078,11.0,11,1538
3079,11.0,11,1539
3080,11.0,11,1539
3081,11.0,11,1540
3082,11.0,11,1540
3083,11.0,11,1541
3084,11.0,11,1541
3085,11.0,11,1542
3086,11.0,11,1542
3087,11.0,11,1543
3088,11.0,11,1543
3089,11.0,11,1544
3090,11.0,11,1544
3091,11.0,11,1545
3092,11.0,11,1545
3093,11.0,11,1546
3094,11.0,11,1546
3095,11.0,11,1547
3096,11.0,11,1547
3097,11.0,11,1548
3098,11.0,11,1548
3099,11.0,11,1549
3100,11.0,11,1549
3101,11.0,11,1550
3102,11.0,11,1550
3103,11.0,11,1551
3104,11.0,11,1551
3105,11.0,11,1552
3106,11.0,11,1552
3107,11.0,11,1553
3108,11.0,11,1553
3109,11.0,11,1554
3110,11.0,11,1554
3111,11.0,11,1555
3112,11.0,11,1555
3113,11.0,11,1556
3114,11.0,11,1556
3115,11.0,11,1557
3116,11.0,11,1557
3117,11.0,11,1558
3118,11.0,11,1558
3119,11.0,11,1559
3120,11.0,11,1559
3121,11.0,11,1560
3122,11.0,11,1560
3123,11.0,11,1561
3124,11.0,11,1561
3125,11.0,11,1562
3126,11.0,11,1562
3127,11.0,11,1563
3128,11.0,11,1563
3129,11.0,11,1564
3130,11.0,11,1564
3131,11.0,11,1565
3132,11.0,11,1565
3133,11.0,11,1566
3134,11.0,11,1566
3135,11.0,11,1567
3136,11.0,11,1567
3137,11.0,11,1568
3138,11.0,11,1568
3139,11.0,11,1569
3140,11.0,11,1569
3141,11.0,11,1570
3142,11.0,11,1570
3143,11.0,11,1571
3144,11.0,11,1571
3145,11.0,11,1572
3146,11.0,11,1572
3147,11.0,11,1573
3148,11.0,11,1573
3149,11.0,11,1574
3150,11.0,11,1574
3151,11.0,11,1575
3152,11.0,11,1575
3153,11.0,11,1576
3154,11.0,11,1576
3155,11.0,11,1577
3156,11.0,11,1577
3157,11.0,11,1578
3158,11.0,11,1578
3159,11.0,11,1579
3160,11.0,11,1579
3161,11.0,11,1580
3162,11.0,11,1580
3163,11.0,11,1581
3164,11.0,11,1581
3165,11.0,11,1582
3166,11.0,11,1582
3167,11.0,11,1583
3168,11.0,11,1583
3169,11.0,11,1584
3170,11.0,11,1584
3171,11.0,11,1585
3172,11.0,11,1585
3173,11.0,11,1586
3174,11.0,11,1586
3175,11.0,11,1587
3176,11.0,11,1587
3177,11.0,11,1588
3178,11.0,11,1588
3179,11.0,11,1589
3180,11.0,11,1589
3181,11.0,11,1590
3182,11.0,11,1590
3183,11.0,11,1591
3184,11.0,11,1591
3185,11.0,11,1592
3186,11.0,11,1592
3187,11.0,11,1593
3188,11.0,11,1593
3189,11.0,11,1594
3190,11.0,11,1594
3191,11.0,11,1595
3192,11.0,11,1595
3193,11.0,11,1596
3194,11.0,11,1596
3195,11.0,11,1597
3196,11.0,11,1597
3197,11.0,11,1598
3198,11.0,11,1598
3199,11.0,11,1599
3200,11.0,11,1599
3201,11.0,11,1600
3202,11.0,11,1600
3203,11.0,11,1601
3204,11.0,11,1601
3205,11.0,11,1602
3206,11.0,11,1602
3207,11.0,11,1603
3208,11.0,11,1603
3209,11.0,11,1604
3210,11.0,11,1604
3211,11.0,11,1605
3212,11.0,11,1605
3213,11.0,11,1606
3214,11.0,11,1606
3215,11.0,11,1607
3216,11.0,11,1607
3217,11.0,11,1608
3218,11.0,11,1608
3219,11.0,11,1609
3220,11.0,11,1609
3221,11.0,11,1610
3222,11.0,11,1610
3223,11.0,11,1611
3224,11.0,11,1611
3225,11.0,11,1612
3226,11.0,11,1612
3227,11.0,11,1613
3228,11.0,11,1613
3229,11.0,11,1614
3230,11.0,11,1614
3231,11.0,11,1615
3232,11.0,11,1615
3233,11.0,11,1616
3234,11.0,11,1616
3235,11.0,11,1617
3236,11.0,11,1617
3237,11.0,11,1618
3238,11.0,11,1618
3239,11.0,11,1619
3240,11.0,11,1619
3241,11.0,11,1620
3242,11.0,11,1620
3243,11.0,11,1621
3244,11.0,11,1621
3245,11.0,11,1622
3246,11.0,11,1622
3247,11.0,11,1623
3248,11.0,11,1623
3249,11.0,11,1624
3250,11.0,11,1624
3251,11.0,11,1625
3252,11.0,11,1625
3253,11.0,11,1626
3254,11.0,11,1626
3255,11.0,11,1627
3256,11.0,11,1627
3257,11.0,11,1628
3258,11.0,11,1628
3259,11.0,11,1629
3260,11.0,11,1629
3261,11.0,11,1630
3262,11.0,11,1630
3263,11.0,11,1631
3264,11.0,11,1631
3265,11.0,11,1632
3266,11.0,11,1632
3267,11.0,11,1633
3268,11.0,11,1633
3269,11.0,11,1634
3270,11.0,11,1634
3271,11.0,11,1635
3272,11.0,11,1635
3273,11.0,11,1636
3274,11.0,11,1636
3275,11.0,11,1637
3276,11.0,11,1637
3277,11.0,11,1638
3278,11.0,11,1638
3279,11.0,11,1639
3280,11.0,11,1639
3281,11.0,11,1640
3282,11.0,11,1640
3283,11.0,11,1641
3284,11.0,11,1641
3285,11.0,11,1642
3286,11.0,11,1642
3287,11.0,11,1643
3288,11.0,11,1643
3289,11.0,11,1644
3290,11.0,11,1644
3291,11.0,11,1645
3292,11.0,11,1645
3293,11.0,11,1646
3294,11.0,11,1646
3295,11.0,11,1647
3296,11.0,11,1647
3297,11.0,11,1648
3298,11.0,11,1648
3299,11.0,11,1649
3300,11.0,11,1649
3301,11.0,11,1650
3302,11.0,11,1650
3303,11.0,11,1651
3304,11.0,11,1651
3305,11.0,11,1652
3306,11.0,11,1652
3307,11.0,11,1653
3308,11.0,11,1653
3309,11.0,11,1654
3310,11.0,11,1654
3311,11.0,11,1655
3312,11.0,11,1655
3313,11.0,11,1656
3314,11.0,11,1656
3315,11.0,11,1657
3316,11.0,11,1657
3317,11.0,11,1658
3318,11.0,11,1658
3319,11.0,11,1659
3320,11.0,11,1659
3321,11.0,11,1660
3322,11.0,11,1660
3323,11.0,11,1661
3324,11.0,11,1661
3325,11.0,11,1662
3326,11.0,11,1662
3327,11.0,11,1663
3328,11.0,11,1663
3329,11.0,11,1664
3330,11.0,11,1664
3331,11.0,11,1665
3332,11.0,11,1665
3333,11.0,11,1666
3334,11.0,11,1666
3335,11.0,11,1667
3336,11.0,11,1667
3337,11.0,11,1668
3338,11.0,11,1668
3339,11.0,11,1669
3340,11.0,11,1669
3341,11.0,11,1670
3342,11.0,11,1670
3343,11.0,11,1671
3344,11.0,11,1671
3345,11.0,11,1672
3346,11.0,11,1672
3347,11.0,11,1673
3348,11.0,11,1673
3349,11.0,11,1674
3350,11.0,11,1674
3351,11.0,11,1675
3352,11.0,11,1675
3353,11.0,11,1676
3354,11.0,11,1676
3355,11.0,11,1677
3356,11.0,11,1677
3357,11.0,11,1678
3358,11.0,11,1678
3359,11.0,11,1679
3360,11.0,11,1679
3361,11.0,11,1680
3362,11.0,11,1680
3363,11.0,11,1681
3364,11.0,11,1681
3365,11.0,11,1682
3366,11.0,11,1682
3367,11.0,11,1683
3368,11.0,11,1683
3369,11.0,11,1684
3370,11.0,11,1684
3371,11.0,11,1685
3372,11.0,11,1685
3373,11.0,11,1686
3374,11.0,11,1686
3375,11.0,11,1687
3376,11.0,11,1687
3377,11.0,11,1688
3378,11.0,11,1688
3379,11.0,11,1689
3380,11.0,11,1689
3381,11.0,11,1690
3382,11.0,11,1690
3383,11.0,11,1691
3384,11.0,11,1691
3385,11.0,11,1692
3386,11.0,11,1692
3387,11.0,11,1693
3388,11.0,11,1693
3389,11.0,11,1694
3390,11.0,11,1694
3391,11.0,11,1695
3392,11.0,11,1695
3393,11.0,11,1696
3394,11.0,11,1696
3395,11.0,11,1697
3396,11.0,11,1697
3397,11.0,11,1698
3398,11.0,11,1698
3399,11.0,11,1699
3400,11.0,11,1699
3401,11.0,11,1700
3402,11.0,11,1700
3403,11.0,11,1701
3404,11.0,11,1701
3405,11.0,11,1702
3406,11.0,11,1702
3407,11.0,11,1703
3408,11.0,11,1703
3409,11.0,11,1704
3410,11.0,11,1704
3411,11.0,11,1705
3412,11.0,11,1705
3413,11.0,11,1706
3414,11.0,11,1706
3415,11.0,11,1707
3416,11.0,11,1707
3417,11.0,11,1708
3418,11.0,11,1708
3419,11.0,11,1709
3420,11.0,11,1709
3421,11.0,11,1710
3422,11.0,11,1710
3423,11.0,11,1711
3424,11.0,11,1711
3425,11.0,11,1712
3426,11.0,11,1712
3427,11.0,11,1713
3428,11.0,11,1713
3429,11.0,11,1714
3430,11.0,11,1714
3431,11.0,11,1715
3432,11.0,11,1715
3433,11.0,11,1716
3434,11.0,11,1716
3435,11.0,11,1717
3436,11.0,11,1717
3437,11.0,11,1718
3438,11.0,11,1718
3439,11.0,11,1719
3440,11.0,11,1719
3441,11.0,11,1720
3442,11.0,11,1720
3443,11.0,11,1721
3444,11.0,11,1721
3445,11.0,11,1722
3446,11.0,11,1722
3447,11.0,11,1723
3448,11.0,11,1723
3449,11.0,11,1724
3450,11.0,11,1724
3451,11.0,11,1725
3452,11.0,11,1725
3453,11.0,11,1726
3454,11.0,11,1726
3455,11.0,11,1727
3456,11.0,11,1727
3457,11.0,11,1728
3458,11.0,11,1728
3459,11.0,11,1729
3460,11.0,11,1729
3461,11.0,11,1730
3462,11.0,11,1730
3463,11.0,11,1731
3464,11.0,11,1731
3465,11.0,11,1732
3466,11.0,11,1732
3467,11.0,11,1733
3468,11.0,11,1733
3469,11.0,11,1734
3470,11.0,11,1734
3471,11.0,11,1735
3472,11.0,11,1735
3473,11.0,11,1736
3474,11.0,11,1736
3475,11.0,11,1737
3476,11.0,11,1737
3477,11.0,11,1738
3478,11.0,11,1738
3479,11.0,11,1739
3480,11.0,11,1739
3481,11.0,11,1740
3482,11.0,11,1740
3483,11.0,11,1741
3484,11.0,11,1741
3485,11.0,11,1742
3486,11.0,11,1742
3487,11.0,11,1743
3488,11.0,11,1743
3489,11.0,11,1744
3490,11.0,11,1744
3491,11.0,11,1745
3492,11.0,11,1745
3493,11.0,11,1746
3494,11.0,11,1746
3495,11.0,11,1747
3496,11.0,11,1747
3497,11.0,11,1748
3498,11.0,11,1748
3499,11.0,11,1749
3500,11.0,11,1749
3501,11.0,11,1750
3502,11.0,11,1750
3503,11.0,11,1751
3504,11.0,11,1751
3505,11.0,11,1752
3506,11.0,11,1752
3507,11.0,11,1753
3508,11.0,11,1753
3509,11.0,11,1754
3510,11.0,11,1754
3511,11.0,11,1755
3512,11.0,11,1755
3513,11.0,11,1756
3514,11.0,11,1756
3515,11.0,11,1757
3516,11.0,11,1757
3517,11.0,11,1758
3518,11.0,11,1758
3519,11.0,11,1759
3520,11.0,11,1759
3521,11.0,11,1760
3522,11.0,11,1760
3523,11.0,11,1761
3524,11.0,11,1761
3525,11.0,11,1762
3526,11.0,11,1762
3527,11.0,11,1763
3528,11.0,11,1763
3529,11.0,11,1764
3530,11.0,11,1764
3531,11.0,11,1765
3532,11.0,11,1765
3533,11.0,11,1766
3534,11.0,11,1766
3535,11.0,11,1767
3536,11.0,11,1767
3537,11.0,11,1768
3538,11.0,11,1768
3539,11.0,11,1769
3540,11.0,11,1769
3541,11.0,11,1770
3542,11.0,11,1770
3543,11.0,11,1771
3544,11.0,11,1771
3545,11.0,11,1772
3546,11.0,11,1772
3547,11.0,11,1773
3548,11.0,11,1773
3549,11.0,11,1774
3550,11.0,11,1774
3551,11.0,11,1775
3552,11.0,11,1775
3553,11.0,11,1776
3554,11.0,11,1776
3555,11.0,11,1777
3556,11.0,11,1777
3557,11.0,11,1778
3558,11.0,11,1778
3559,11.0,11,1779
3560,11.0,11,1779
3561,11.0,11,1780
3562,11.0,11,1780
3563,11.0,11,1781
3564,11.0,11,1781
3565,11.0,11,1782
3566,11.0,11,1782
3567,11.0,11,1783
3568,11.0,11,1783
3569,11.0,11,1784
3570,11.0,11,1784
3571,11.0,11,1785
3572,11.0,11,1785
3573,11.0,11,1786
3574,11.0,11,1786
3575,11.0,11,1787
3576,11.0,11,1787
3577,11.0,11,1788
3578,11.0,11,1788
3579,11.0,11,1789
3580,11.0,11,1789
3581,11.0,11,1790
3582,11.0,11,1790
3583,11.0,11,1791
3584,11.0,11,1791
3585,11.0,11,1792
3586,11.0,11,1792
3587,11.0,11,1793
3588,11.0,11,1793
3589,11.0,11,1794
3590,11.0,11,1794
3591,11.0,11,1795
3592,11.0,11,1795
3593,11.0,11,1796
3594,11.0,11,1796
3595,11.0,11,1797
3596,11.0,11,1797
3597,11.0,11,1798
3598,11.0,11,1798
3599,11.0,11,1799
3600,11.0,11,1799
3601,11.0,11,1800
3602,11.0,11,1800
3603,11.0,11,1801
3604,11.0,11,1801
3605,11.0,11,1802
3606,11.0,11,1802
3607,11.0,11,1803
3608,11.0,11,1803
3609,11.0,11,1804
3610,11.0,11,1804
3611,11.0,11,1805
3612,11.0,11,1805
3613,11.0,11,1806
3614,11.0,11,1806
3615,11.0,11,1807
3616,11.0,11,1807
3617,11.0,11,1808
3618,11.0,11,1808
3619,11.0,11,1809
3620,11.0,11,1809
3621,11.0,11,1810
3622,11.0,11,1810
3623,11.0,11,1811
3624,11.0,11,1811
3625,11.0,11,1812
3626,11.0,11,1812
3627,11.0,11,1813
3628,11.0,11,1813
3629,11.0,11,1814
3630,11.0,11,1814
3631,11.0,11,1815
3632,11.0,11,1815
3633,11.0,11,1816
3634,11.0,11,1816
3635,11.0,11,1817
3636,11.0,11,1817
3637,11.0,11,1818
3638,11.0,11,1818
3639,11.0,11,1819
3640,11.0,11,1819
3641,11.0,11,1820
3642,11.0,11,1820
3643,11.0,11,1821
3644,11.0,11,1821
3645,11.0,11,1822
3646,11.0,11,1822
3647,11.0,11,1823
3648,11.0,11,1823
3649,11.0,11,1824
3650,11.0,11,1824
3651,11.0,11,1825
3652,11.0,11,1825
3653,11.0,11,1826
3654,11.0,11,1826
3655,11.0,11,1827
3656,11.0,11,1827
3657,11.0,11,1828
3658,11.0,11,1828
3659,11.0,11,1829
3660,11.0,11,1829
3661,11.0,11,1830
3662,11.0,11,1830
3663,11.0,11,1831
3664,11.0,11,1831
3665,11.0,11,1832
3666,11.0,11,1832
3667,11.0,11,1833
3668,11.0,11,1833
3669,11.0,11,1834
3670,11.0,11,1834
3671,11.0,11,1835
3672,11.0,11,1835
3673,11.0,11,1836
3674,11.0,11,1836
3675,11.0,11,1837
3676,11.0,11,1837
3677,11.0,11,1838
3678,11.0,11,1838
3679,11.0,11,1839
3680,11.0,11,1839
3681,11.0,11,1840
3682,11.0,11,1840
3683,11.0,11,1841
3684,11.0,11,1841
3685,11.0,11,1842
3686,11.0,11,1842
3687,11.0,11,1843
3688,11.0,11,1843
3689,11.0,11,1844
3690,11.0,11,1844
3691,11.0,11,1845
3692,11.0,11,1845
3693,11.0,11,1846
3694,11.0,11,1846
3695,11.0,11,1847
3696,11.0,11,1847
3697,11.0,11,1848
3698,11.0,11,1848
3699,11.0,11,1849
3700,11.0,11,1849
3701,11.0,11,1850
3702,11.0,11,1850
3703,11.0,11,1851
3704,11.0,11,1851
3705,11.0,11,1852
3706,11.0,11,1852
3707,11.0,11,1853
3708,11.0,11,1853
3709,11.0,11,1854
3710,11.0,11,1854
3711,11.0,11,1855
3712,11.0,11,1855
3713,11.0,11,1856
3714,11.0,11,1856
3715,11.0,11,1857
3716,11.0,11,1857
3717,11.0,11,1858
3718,11.0,11,1858
3719,11.0,11,1859
3720,11.0,11,1859
3721,11.0,11,1860
3722,11.0,11,1860
3723,11.0,11,1861
3724,11.0,11,1861
3725,11.0,11,1862
3726,11.0,11,1862
3727,11.0,11,1863
3728,11.0,11,1863
3729,11.0,11,1864
3730,11.0,11,1864
3731,11.0,11,1865
3732,11.0,11,1865
3733,11.0,11,1866
3734,11.0,11,1866
3735,11.0,11,1867
3736,11.0,11,1867
3737,11.0,11,1868
3738,11.0,11,1868
3739,11.0,11,1869
3740,11.0,11,1869
3741,11.0,11,1870
3742,11.0,11,1870
3743,11.0,11,1871
3744,11.0,11,1871
3745,11.0,11,1872
3746,11.0,11,1872
3747,11.0,11,1873
3748,11.0,11,1873
3749,11.0,11,1874
3750,11.0,11,1874
3751,11.0,11,1875
3752,11.0,11,1875
3753,11.0,11,1876
3754,11.0,11,1876
3755,11.0,11,1877
3756,11.0,11,1877
3757,11.0,11,1878
3758,11.0,11,1878
3759,11.0,11,1879
3760,11.0,11,1879
3761,11.0,11,1880
3762,11.0,11,1880
3763,11.0,11,1881
3764,11.0,11,1881
3765,11.0,11,1882
3766,11.0,11,1882
3767,11.0,11,1883
3768,11.0,11,1883
3769,11.0,11,1884
3770,11.0,11,1884
3771,11.0,11,1885
3772,11.0,11,1885
3773,11.0,11,1886
3774,11.0,11,1886
3775,11.0,11,1887
3776,11.0,11,1887
3777,11.0,11,1888
3778,11.0,11,1888
3779,11.0,11,1889
3780,11.0,11,1889
3781,11.0,11,1890
3782,11.0,11,1890
3783,11.0,11,1891
3784,11.0,11,1891
3785,11.0,11,1892
3786,11.0,11,1892
3787,11.0,11,1893
3788,11.0,11,1893
3789,11.0,11,1894
3790,11.0,11,1894
3791,11.0,11,1895
3792,11.0,11,1895
3793,11.0,11,1896
3794,11.0,11,1896
3795,11.0,11,1897
3796,11.0,11,1897
3797,11.0,11,1898
3798,11.0,11,1898
3799,11.0,11,1899
3800,11.0,11,1899
3801,11.0,11,1900
3802,11.0,11,1900
3803,11.0,11,1901
3804,11.0,11,1901
3805,11.0,11,1902
3806,11.0,11,1902
3807,11.0,11,1903
3808,11.0,11,1903
3809,11.0,11,1904
3810,11.0,11,1904
3811,11.0,11,1905
3812,11.0,11,1905
3813,11.0,11,1906
3814,11.0,11,1906
3815,11.0,11,1907
3816,11.0,11,1907
3817,11.0,11,1908
3818,11.0,11,1908
3819,11.0,11,1909
3820,11.0,11,1909
3821,11.0,11,1910
3822,11.0,11,1910
3823,11.0,11,1911
3824,11.0,11,1911
3825,11.0,11,1912
3826,11.0,11,1912
3827,11.0,11,1913
3828,11.0,11,1913
3829,11.0,11,1914
3830,11.0,11,1914
3831,11.0,11,1915
3832,11.0,11,1915
3833,11.0,11,1916
3834,11.0,11,1916
3835,11.0,11,1917
3836,11.0,11,1917
3837,11.0,11,1918
3838,11.0,11,1918
3839,11.0,11,1919
3840,11.0,11,1919
3841,11.0,11,1920
3842,11.0,11,1920
3843,11.0,11,1921
3844,11.0,11,1921
3845,11.0,11,1922
3846,11.0,11,1922
3847,11.0,11,1923
3848,11.0,11,1923
3849,11.0,11,1924
3850,11.0,11,1924
3851,11.0,11,1925
3852,11.0,11,1925
3853,11.0,11,1926
3854,11.0,11,1926
3855,11.0,11,1927
3856,11.0,11,1927
3857,11.0,11,1928
3858,11.0,11,1928
3859,11.0,11,1929
3860,11.0,11,1929
3861,11.0,11,1930
3862,11.0,11,1930
3863,11.0,11,1931
3864,11.0,11,1931
3865,11.0,11,1932
3866,11.0,11,1932
3867,11.0,11,1933
3868,11.0,11,1933
3869,11.0,11,1934
3870,11.0,11,1934
3871,11.0,11,1935
3872,11.0,11,1935
3873,11.0,11,1936
3874,11.0,11,1936
3875,11.0,11,1937
3876,11.0,11,1937
3877,11.0,11,1938
3878,11.0,11,1938
3879,11.0,11,1939
3880,11.0,11,1939
3881,11.0,11,1940
3882,11.0,11,1940
3883,11.0,11,1941
3884,11.0,11,1941
3885,11.0,11,1942
3886,11.0,11,1942
3887,11.0,11,1943
3888,11.0,11,1943
3889,11.0,11,1944
3890,11.0,11,1944
3891,11.0,11,1945
3892,11.0,11,1945
3893,11.0,11,1946
3894,11.0,11,1946
3895,11.0,11,1947
3896,11.0,11,1947
3897,11.0,11,1948
3898,11.0,11,1948
3899,11.0,11,1949
3900,11.0,11,1949
3901,11.0,11,1950
3902,11.0,11,1950
3903,11.0,11,1951
3904,11.0,11,1951
3905,11.0,11,1952
3906,11.0,11,1952
3907,11.0,11,1953
3908,11.0,11,1953
3909,11.0,11,1954
3910,11.0,11,1954
3911,11.0,11,1955
3912,11.0,11,1955
3913,11.0,11,1956
3914,11.0,11,1956
3915,11.0,11,1957
3916,11.0,11,1957
3917,11.0,11,1958
3918,11.0,11,1958
3919,11.0,11,1959
3920,11.0,11,1959
3921,11.0,11,1960
3922,11.0,11,1960
3923,11.0,11,1961
3924,11.0,11,1961
3925,11.0,11,1962
3926,11.0,11,1962
3927,11.0,11,1963
3928,11.0,11,1963
3929,11.0,11,1964
3930,11.0,11,1964
3931,11.0,11,1965
3932,11.0,11,1965
3933,11.0,11,1966
3934,11.0,11,1966
3935,11.0,11,1967
3936,11.0,11,1967
3937,11.0,11,1968
3938,11.0,11,1968
3939,11.0,11,1969
3940,11.0,11,1969
3941,11.0,11,1970
3942,11.0,11,1970
3943,11.0,11,1971
3944,11.0,11,1971
3945,11.0,11,1972
3946,11.0,11,1972
3947,11.0,11,1973
3948,11.0,11,1973
3949,11.0,11,1974
3950,11.0,11,1974
3951,11.0,11,1975
3952,11.0,11,1975
3953,11.0,11,1976
3954,11.0,11,1976
3955,11.0,11,1977
3956,11.0,11,1977
3957,11.0,11,1978
3958,11.0,11,1978
3959,11.0,11,1979
3960,11.0,11,1979
3961,11.0,11,1980
3962,11.0,11,1980
3963,11.0,11,1981
3964,11.0,11,1981
3965,11.0,11,1982
3966,11.0,11,1982
3967,11.0,11,1983
3968,11.0,11,1983
3969,11.0,11,1984
3970,11.0,11,1984
3971,11.0,11,1985
3972,11.0,11,1985
3973,11.0,11,1986
3974,11.0,11,1986
3975,11.0,11,1987
3976,11.0,11,1987
3977,11.0,11,1988
3978,11.0,11,1988
3979,11.0,11,1989
3980,11.0,11,1989
3981,11.0,11,1990
3982,11.0,11,1990
3983,11.0,11,1991
3984,11.0,11,1991
3985,11.0,11,1992
3986,11.0,11,1992
3987,11.0,11,1993
3988,11.0,11,1993
3989,11.0,11,1994
3990,11.0,11,1994
3991,11.0,11,1995
3992,11.0,11,1995
3993,11.0,11,1996
3994,11.0,11,1996
3995,11.0,11,1997
3996,11.0,11,1997
3997,11.0,11,1998
3998,11.0,11,1998
3999,11.0,11,1999
4000,11.0,11,1999
4001,11.0,11,2000
4002,11.0,11,2000
4003,11.0,11,2001
4004,11.0,11,2001
4005,11.0,11,2002
4006,11.0,11,2002
4007,11.0,11,2003
4008,11.0,11,2003
4009,11.0,11,2004
4010,11.0,11,2004
4011,11.0,11,2005
4012,11.0,11,2005
4013,11.0,11,2006
4014,11.0,11,2006
4015,11.0,11,2007
4016,11.0,11,2007
4017,11.0,11,2008
4018,11.0,11,2008
4019,11.0,11,2009
4020,11.0,11,2009
4021,11.0,11,2010
4022,11.0,11,2010
4023,11.0,11,2011
4024,11.0,11,2011
4025,11.0,11,2012
4026,11.0,11,2012
4027,11.0,11,2013
4028,11.0,11,2013
4029,11.0,11,2014
4030,11.0,11,2014
4031,11.0,11,2015
4032,11.0,11,2015
4033,11.0,11,2016
4034,11.0,11,2016
4035,11.0,11,2017
4036,11.0,11,2017
4037,11.0,11,2018
4038,11.0,11,2018
4039,11.0,11,2019
4040,11.0,11,2019
4041,11.0,11,2020
4042,11.0,11,2020
4043,11.0,11,2021
4044,11.0,11,2021
4045,11.0,11,2022
4046,11.0,11,2022
4047,11.0,11,2023
4048,11.0,11,2023
4049,11.0,11,2024
4050,11.0,11,2024
4051,11.0,11,2025
4052,11.0,11,2025
4053,11.0,11,2026
4054,11.0,11,2026
4055,11.0,11,2027
4056,11.0,11,2027
4057,11.0,11,2028
4058,11.0,11,2028
4059,11.0,11,2029
4060,11.0,11,2029
4061,11.0,11,2030
4062,11.0,11,2030
4063,11.0,11,2031
4064,11.0,11,2031
4065,11.0,11,2032
4066,11.0,11,2032
4067,11.0,11,2033
4068,11.0,11,2033
4069,11.0,11,2034
4070,11.0,11,2034
4071,11.0,11,2035
4072,11.0,11,2035
4073,11.0,11,2036
4074,11.0,11,2036
4075,11.0,11,2037
4076,11.0,11,2037
4077,11.0,11,2038
4078,11.0,11,2038
4079,11.0,11,2039
4080,11.0,11,2039
4081,11.0,11,2040
4082,11.0,11,2040
4083,11.0,11,2041
4084,11.0,11,2041
4085,11.0,11,2042
4086,11.0,11,2042
4087,11.0,11,2043
4088,11.0,11,2043
4089,11.0,11,2044
4090,11.0,11,2044
4091,11.0,11,2045
4092,11.0,11,2045
4093,11.0,11,2046
4094,11.0,11,2046
9223372036854775807,3.0,3,4
