dataset,program,source,source_basis,vertices,effective_edges,pipeline_seconds,algorithm_and_export_seconds,client_launch_wait_seconds,oracle_seconds,supersteps,converged,plans,snapshot_writes,staging_writes_source_derived,export_writes,halt_count_actions_source_derived,normalization_aggregate_actions_source_derived,keyless_checkpoint_repartitions,output_files,reachable,max_hops,oracle_max_absolute_difference,official_sssp_passed,rss_samples,server_sampled_max_rss_bytes,client_sampled_max_rss_bytes,server_client_sampled_max_sum_bytes,oracle_sampled_max_rss_bytes,campaign,measurement_role
cit-Patents,pagerank,1,selected source 1; not an official source or earlier A6 claim,3774768,16518947,3.6728171369759366,3.672613034956157,5.199535862077028,10.639292,10,,10,0,12,1,0,1,0,4,,,2.0328790734103208e-19,False,31,1594613760,117923840,1712459776,1929310208,E0-native01,representative
kgs,pagerank,239044,official kgs.properties BFS/SSSP source,832247,35783396,4.179019202012569,4.178762236959301,5.730145905050449,11.279061,10,,10,0,12,1,0,1,0,4,,,1.491862189340054e-16,False,33,1530818560,116981760,1647800320,2897551360,E0-native01,representative
kgs,sssp,239044,official kgs.properties BFS/SSSP source,832247,35783396,5.031130200019106,5.030883204075508,6.56052479497157,30.767894,20,True,20,0,22,1,20,0,0,4,819249,,8.881784197001252e-16,True,72,1920249856,118333440,2038583296,3255721984,E0-native01,representative
kgs,landmarks,239044,official kgs.properties BFS/SSSP source,832247,35783396,1.947279600892216,1.9470253359759226,3.4720147370826453,42.982535,10,True,10,0,12,1,10,0,0,4,819249,9,0.0,False,90,1263112192,116772864,1263112192,2888523776,E0-native01,representative
wiki-Talk,pagerank,2,official wiki-Talk.properties BFS source; unit-weight SSSP adaptation,2394385,5021410,2.3392919109901413,2.3390849789138883,3.980935469036922,4.5846,10,,10,0,12,1,0,1,0,4,,,2.4665599424045226e-18,False,16,1244033024,117174272,1361207296,977018880,E0-native01,representative
wiki-Talk,sssp,2,official wiki-Talk.properties BFS source; unit-weight SSSP adaptation,2394385,5021410,1.2746988900471479,1.274423248018138,2.7886696179630235,14.063525,7,True,7,0,9,1,7,0,0,4,2354316,,0.0,False,33,1010241536,118149120,1128390656,1236860928,E0-native01,representative
wiki-Talk,landmarks,2,official wiki-Talk.properties BFS source; unit-weight SSSP adaptation,2394385,5021410,1.292756121023558,1.2925427539739758,2.8450379110872746,11.605968,7,True,7,0,9,1,7,0,0,4,2354316,6,0.0,False,28,918745088,116985856,1035730944,981409792,E0-native01,representative
cit-Patents,sssp,5795784,"root-selected representative source5795784, matching existing A2/A5 a2_local.py default BFS source; nonofficial",3774768,16518947,2.8759133219718933,2.8756493519758806,4.406529176980257,7.959648,14,True,14,0,16,1,14,0,0,4,126298,,0.0,False,24,1335209984,117669888,1452879872,1867358208,E0-native-cit-active02,representative
cit-Patents,landmarks,5795784,"root-selected representative source5795784, matching existing A2/A5 a2_local.py default BFS source; nonofficial",3774768,16518947,2.9415575930615887,2.9413486410630867,4.549221049062908,7.911585,14,True,14,0,16,1,14,0,0,4,126298,13,0.0,False,24,1228492800,119042048,1312591872,1829507072,E0-native-cit-active02,representative
