P,pairs,metric,p50_relative_to_P4,p95_relative_to_P4
4,20,cold_seconds,1.0,1.0
4,20,warm_seconds,1.0,1.0
4,20,cold_over_warm,1.0,1.0
4,20,metadata_bootstrap_seconds,1.0,1.0
4,20,worker_readiness_seconds,1.0,1.0
4,20,pre_data_setup_wall_seconds,1.0,1.0
4,20,producer_wall_seconds,1.0,1.0
4,20,child_launch_actual_wait_seconds,1.0,1.0
4,20,sampled_ps_rss_sum_max_bytes,1.0,1.0
4,20,sampled_resident_size_sum_max_bytes,1.0,1.0
4,20,sampled_footprint_sum_max_bytes,1.0,1.0
16,20,cold_seconds,1.2927065501496176,1.2982306985670948
16,20,warm_seconds,1.0932902217751885,1.0936578037080742
16,20,cold_over_warm,1.1865119448884314,1.1858285265921944
16,20,metadata_bootstrap_seconds,1.010295827250426,1.0105659732923264
16,20,worker_readiness_seconds,0.969939024975239,1.001501823112714
16,20,pre_data_setup_wall_seconds,0.9926616278343433,0.998211068157978
16,20,producer_wall_seconds,1.011209522796396,1.0203084550814436
16,20,child_launch_actual_wait_seconds,1.002859861086093,1.0074767428411755
16,20,sampled_ps_rss_sum_max_bytes,1.0035039565509387,1.0400011489080585
16,20,sampled_resident_size_sum_max_bytes,0.9969707136090937,0.9334415268739144
16,20,sampled_footprint_sum_max_bytes,1.0054131729843605,0.9292121313958386
32,20,cold_seconds,1.674067007431764,1.6755418400091262
32,20,warm_seconds,1.2518225573655954,1.2563998190334074
32,20,cold_over_warm,1.3315373843317504,1.3313575843631256
32,20,metadata_bootstrap_seconds,1.0033304655493407,1.0096566255680468
32,20,worker_readiness_seconds,1.0071454429502176,0.9816364097820055
32,20,pre_data_setup_wall_seconds,0.9988474340326424,0.9936366771824194
32,20,producer_wall_seconds,1.0369453558274861,1.048658096726194
32,20,child_launch_actual_wait_seconds,1.0156133006390735,1.0215442119561713
32,20,sampled_ps_rss_sum_max_bytes,1.0847860153200768,1.5517761509317034
32,20,sampled_resident_size_sum_max_bytes,1.0466924534259552,1.1237562874329123
32,20,sampled_footprint_sum_max_bytes,1.0093474894317565,0.9430292082806776
