Category,Name,#Vertices,#Edges,Avg. degree,Scale (full),Scale,T-shirt,Directed,Weighted,,Size of vertex file (.e),Size of edge file (.e),Matrix Market files (unweighted),Matrix Market files (weighted),Needs licensing,
Graph500,graph500-22,"2,396,657","64,155,735",26.77,7.823164,7.8,S,no,no,1,18.54 MB,991.39 MB,graph500-22.tar.zst,,?,
Graph500,graph500-23,"4,610,222","129,333,677",28.05,8.126923,8.1,M,no,no,1,36.27 MB,2.03 GB,graph500-23.tar.zst,,?,
Graph500,graph500-24,"8,870,942","260,379,520",29.35,8.430156,8.4,M,no,no,1,73.96 MB,4.34 GB,graph500-24.tar.zst,,?,
Graph500,graph500-25,"17,062,472","523,602,831",30.69,8.732928,8.7,L,no,no,1,147.91 MB,9.08 GB,graph500-25.tar.zst,,?,
Graph500,graph500-26,"32,804,978","1,051,922,853",32.07,9.035321,9.0,XL,no,no,1,289.81 MB,18.59 GB,graph500-26.tar.zst,,?,
Graph500,graph500-27,"65,609,956","2,111,642,032",32.18,9.337909,9.3,XL,no,no,1,578.59 MB,38.74 GB,graph500-27.tar.zst,,?,
Graph500,graph500-28,"121,242,388","4,236,163,958",34.94,9.639228,9.6,2XL,no,no,1,1.16 GB,81.22 GB,graph500-28.tar.zst,,?,
Graph500,graph500-29,"232,999,630","8,493,569,115",36.45,9.940844,9.9,2XL,no,no,1,2.28 GB,166.36 GB,graph500-29.tar.zst,,?,
Graph500,graph500-30,"447,797,986","17,022,117,362",38.01,10.242291,10.2,3XL,no,no,1,4.46 GB,339.25 GB,graph500-30.tar.zst,,?,
Other,com-friendster,"65,608,366","1,806,067,135",27.53,9.272231,9.2,XL,no,no,1,594.21 MB,32.36 GB,com-friendster.tar.zst,,yes,SNAP
Test,test-bfs-undirected,10,14,1.40,1.380211,1.3,n/a,no,no,,0.02 KB,0.06 KB,,,,
Test,test-cdlp-undirected,8,13,1.63,1.322219,1.3,n/a,no,no,,0.02 KB,0.05 KB,,,,
Test,test-lcc-undirected,9,12,1.33,1.322219,1.3,n/a,no,no,,0.02 KB,0.05 KB,,,,
Test,test-pr-undirected,50,113,2.26,2.212188,2.2,n/a,no,no,,0.14 KB,0.64 KB,,,,
Test,test-wcc-undirected,8,7,0.88,1.176091,1.1,n/a,no,no,,0.02 KB,0.03 KB,,,,
Test,test-bfs-directed,10,17,1.70,1.431364,1.4,n/a,yes,no,,0.02 KB,0.07 KB,,,,
Test,test-cdlp-directed,8,18,2.25,1.414973,1.4,n/a,yes,no,,0.02 KB,0.07 KB,,,,
Test,test-lcc-directed,10,17,1.70,1.431364,1.4,n/a,yes,no,,0.02 KB,0.07 KB,,,,
Test,test-pr-directed,50,246,4.92,2.471292,2.4,n/a,yes,no,,0.14 KB,1.39 KB,,,,
Test,test-wcc-directed,8,10,1.25,1.255273,1.2,n/a,yes,no,,0.02 KB,0.04 KB,,,,
Other,cit-Patents,"3,774,768","16,518,947",4.38,7.307362,7.3,XS,yes,no,1,30.03 MB,264.02 MB,cit-Patents.tar.zst,,yes,SNAP
Other,wiki-Talk,"2,394,385","5,021,410",2.10,6.870158,6.8,2XS,yes,no,1,18.04 MB,61.45 MB,wiki-Talk.7z,,yes,SNAP
Other,twitter_mpi,"52,579,678","1,963,263,508",37.34,9.304457,9.3,XL,yes,no,1,462.11 MB,29.63 GB,twitter_mpi.7z,,yes,"Meeyoung Cha et al. “Measuring User Influence in Twitter: The Million Follower Fallacy”. In: ICWSM. The AAAI Press, 2010. url: http://www.aaai.org/ocs/index.php/ICWSM/ICWSM10/paper/view/1538."
Example,example-directed,10,17,1.70,1.431364,1.4,n/a,yes,yes,2,0.02 KB,0.15 KB,example-directed-bool.tar.zst,example-directed-fp64.tar.zst,no,
Test,test-sssp-directed,10,13,1.30,,0.0,n/a,yes,yes,,0.02 KB,0.11 KB,,,,
Example,example-undirected,9,12,1.33,1.322219,1.3,n/a,no,yes,2,0.02 KB,0.11 KB,example-undirected-bool.tar.zst,example-undirected-fp64.tar.zst,no,
Test,test-sssp-undirected,12,14,1.17,,0.0,n/a,no,yes,,0.03 KB,0.12 KB,,,,
Other,dota-league,"61,170","50,870,313",831.62,7.706986,7.7,S,no,yes,2,412.05 KB,814.62 MB,dota-league-bool.tar.zst,dota-league-fp64.tar.zst,yes,"Yong Guo and Alexandru Iosup. “The Game Trace Archive”. In: NETGAMES. IEEE, 2012, pp. 1–6. doi: 10.1109/NetGames.2012.6404027."
Other,kgs,"832,247","17,891,698",21.50,7.272397,7.2,XS,no,yes,2,5.71 MB,285.78 MB,kgs-bool.tar.zst,kgs-fp64.tar.zst,yes,"Yong Guo and Alexandru Iosup. “The Game Trace Archive”. In: NETGAMES. IEEE, 2012, pp. 1–6. doi: 10.1109/NetGames.2012.6404027."
Datagen-FB,datagen-7_5-fb,"633,432","34,185,747",53.97,7.541819,7.5,S,no,yes,2,8.27 MB,1.06 GB,datagen-7_5-fb-bool.tar.zst,datagen-7_5-fb-fp64.tar.zst,no,
Datagen-FB,datagen-7_6-fb,"754,147","42,162,988",55.91,7.632631,7.6,S,no,yes,2,9.84 MB,1.30 GB,datagen-7_6-fb-bool.tar.zst,datagen-7_6-fb-fp64.tar.zst,no,
Datagen-ZF,datagen-7_7-zf,"13,180,508","32,791,267",2.49,7.662491,7.6,S,no,yes,2,175.25 MB,996.22 MB,datagen-7_7-zf-bool.tar.zst,datagen-7_7-zf-fp64.tar.zst,no,
Datagen-ZF,datagen-7_8-zf,"16,521,886","41,025,255",2.48,7.760024,7.7,S,no,yes,2,219.96 MB,1.25 GB,datagen-7_8-zf-bool.tar.zst,datagen-7_8-zf-fp64.tar.zst,no,
Datagen-FB,datagen-7_9-fb,"1,387,587","85,670,523",61.74,7.939809,7.9,S,no,yes,2,18.19 MB,2.64 GB,datagen-7_9-fb-bool.tar.zst,datagen-7_9-fb-fp64.tar.zst,no,
Datagen-FB,datagen-8_0-fb,"1,706,561","107,507,376",63.00,8.038278,8.0,M,no,yes,2,22.41 MB,3.32 GB,datagen-8_0-fb-bool.tar.zst,datagen-8_0-fb-fp64.tar.zst,no,
Datagen-FB,datagen-8_1-fb,"2,072,117","134,267,822",64.80,8.134623,8.1,M,no,yes,2,27.25 MB,4.15 GB,datagen-8_1-fb-bool.tar.zst,datagen-8_1-fb-fp64.tar.zst,no,
Datagen-ZF,datagen-8_2-zf,"43,734,497","106,440,188",2.43,8.176597,8.1,M,no,yes,2,584.23 MB,3.25 GB,datagen-8_2-zf-bool.tar.zst,datagen-8_2-zf-fp64.tar.zst,no,
Datagen-ZF,datagen-8_3-zf,"53,525,014","130,579,909",2.44,8.265065,8.2,M,no,yes,2,715.39 MB,3.99 GB,datagen-8_3-zf-bool.tar.zst,datagen-8_3-zf-fp64.tar.zst,no,
Datagen-FB,datagen-8_4-fb,"3,809,084","269,479,177",70.75,8.436621,8.4,M,no,yes,2,50.23 MB,8.33 GB,datagen-8_4-fb-bool.tar.zst,datagen-8_4-fb-fp64.tar.zst,no,
Datagen-FB,datagen-8_5-fb,"4,599,739","332,026,902",72.18,8.527148,8.5,L,no,yes,2,60.70 MB,10.27 GB,datagen-8_5-fb-bool.tar.zst,datagen-8_5-fb-fp64.tar.zst,no,
Datagen-FB,datagen-8_6-fb,"5,667,674","421,988,619",74.46,8.631095,8.6,L,no,yes,2,74.83 MB,13.05 GB,datagen-8_6-fb-bool.tar.zst,datagen-8_6-fb-fp64.tar.zst,no,
Datagen-ZF,datagen-8_7-zf,"145,050,709","340,157,363",2.35,8.685928,8.6,L,no,yes,2,1.95 GB,10.44 GB,datagen-8_7-zf-bool.tar.zst,datagen-8_7-zf-fp64.tar.zst,no,
Datagen-ZF,datagen-8_8-zf,"168,308,893","413,354,288",2.46,8.764672,8.7,L,no,yes,2,2.27 GB,12.71 GB,datagen-8_8-zf-bool.tar.zst,datagen-8_8-zf-fp64.tar.zst,no,
Datagen-FB,datagen-8_9-fb,"10,572,901","848,681,908",80.27,8.934122,8.9,L,no,yes,2,139.88 MB,26.28 GB,datagen-8_9-fb-bool.tar.zst,datagen-8_9-fb-fp64.tar.zst,no,
Datagen-FB,datagen-9_0-fb,"12,857,671","1,049,527,225",81.63,9.026282,9.0,XL,no,yes,2,170.48 MB,32.56 GB,datagen-9_0-fb-bool.tar.zst,datagen-9_0-fb-fp64.tar.zst,no,
Datagen-FB,datagen-9_1-fb,"16,087,483","1,342,158,397",83.43,9.132978,9.1,XL,no,yes,2,213.74 MB,41.70 GB,datagen-9_1-fb-bool.tar.zst,datagen-9_1-fb-fp64.tar.zst,no,
Datagen-ZF,datagen-9_2-zf,"434,943,376","1,042,340,732",2.40,9.169464,9.1,XL,no,yes,2,5.88 GB,32.13 GB,datagen-9_2-zf-bool.tar.zst,datagen-9_2-zf-fp64.tar.zst,,
Datagen-ZF,datagen-9_3-zf,"555,270,053","1,309,998,551",2.36,9.270741,9.2,XL,no,yes,2,7.51 GB,40.40 GB,datagen-9_3-zf-bool.tar.zst,datagen-9_3-zf-fp64.tar.zst,,
Datagen-FB,datagen-9_4-fb,"29,310,565","2,588,948,669",88.33,9.418013,9.4,XL,no,yes,2,390.85 MB,80.68 GB,datagen-9_4-fb-bool.tar.zst,datagen-9_4-fb-fp64.tar.zst,,
Datagen-FB,datagen-sf3k-fb,"33,484,375","2,912,009,743",86.97,9.469158,9.4,XL,no,yes,2,446.82 MB,97.18 GB,datagen-sf3k-fb-bool.tar.zst,datagen-sf3k-fb-fp64.tar.zst,,
Datagen-FB,datagen-sf10k-fb,"100,218,750","9,404,822,538",93.84,9.977954,9.9,2XL,no,yes,2,1.34 GB,314.52 GB,datagen-sf10k-fb-bool.tar.zst,datagen-sf10k-fb-fp64.tar.zst,,
,,,,,,,,,,,,,,,,
total,,,,,,,,,,,32.44 GB,1466.19 GB,,,uncompressed,
,,,,,,,,,,,,,,,,
LDBC SNB,main dir incl TTL 100/300,1300,,,,,,,,,,,,,,
,TTL,339,,,,,,,,,,,,,,
,other TTL dir with 0.1 to 30,19,,,,,,,,,,,,,,
,,1658,,,,,,,,,,,,,,
Graphalytics,compressed,326,1984,,,GB,,,,,,,,,,
,,,,,,,,,,,,,,,,
,,,,,,,,,>1MB:,,38,,,,,